,date,tic,anomaly
0,2015/11/12,CIX,0.30023903
1,2015/11/13,CIX,0.1000424
2,2015/11/16,CIX,0.089074075
3,2015/11/17,CIX,0.11062229
4,2015/11/18,CIX,0.09958444
5,2015/11/19,CIX,0.18292062
6,2015/11/20,CIX,0.050841775
7,2015/11/23,CIX,0.22071093
8,2015/11/24,CIX,0.15329908
9,2015/11/25,CIX,0.09620735
10,2015/11/27,CIX,0.05153183
11,2015/11/30,CIX,0.22515948
12,2015/12/1,CIX,0.07839667
13,2015/12/2,CIX,0.08635191
14,2015/12/3,CIX,0.06260634
15,2015/12/4,CIX,0.0011387861
16,2015/12/7,CIX,0.030007496
17,2015/12/8,CIX,0.21943043
18,2015/12/9,CIX,0.10314564
19,2015/12/10,CIX,0.079645574
20,2015/12/11,CIX,0.1501021
21,2015/12/14,CIX,0.024462435
22,2015/12/15,CIX,0.31217226
23,2015/12/16,CIX,0.06251279
24,2015/12/17,CIX,0.113637574
25,2015/12/18,CIX,0.04084985
26,2015/12/21,CIX,0.18575978
27,2015/12/22,CIX,0.13546012
28,2015/12/23,CIX,0.17759436
29,2015/12/24,CIX,0.14826033
30,2015/12/28,CIX,0.049608406
31,2015/12/29,CIX,0.021547703
32,2015/12/30,CIX,0.05830865
33,2015/12/31,CIX,0.21427223
34,2016/1/4,CIX,0.08177362
35,2016/1/5,CIX,0.1526103
36,2016/1/6,CIX,0.070580855
37,2016/1/7,CIX,0.0004016961
38,2016/1/8,CIX,0.02606248
39,2016/1/11,CIX,0.077711456
40,2016/1/12,CIX,0.1004412
41,2016/1/13,CIX,0.28111967
42,2016/1/14,CIX,0.06899854
43,2016/1/15,CIX,0.07752801
44,2016/1/19,CIX,0.056490134
45,2016/1/20,CIX,0.13884918
46,2016/1/21,CIX,0.22311085
47,2016/1/22,CIX,0.03129032
48,2016/1/25,CIX,0.40206876
49,2016/1/26,CIX,0.26918063
50,2016/1/27,CIX,0.22799216
51,2016/1/28,CIX,0.07097463
52,2016/1/29,CIX,0.0
53,2016/2/1,CIX,0.24691972
54,2016/2/2,CIX,0.0780097
55,2016/2/3,CIX,0.17337337
56,2016/2/4,CIX,0.14552915
57,2016/2/5,CIX,0.03217972
58,2016/2/8,CIX,0.118225686
59,2016/2/9,CIX,0.25504038
60,2016/2/10,CIX,0.18873107
61,2016/2/11,CIX,0.0926504
62,2016/2/12,CIX,0.27214658
63,2016/2/16,CIX,0.24486479
64,2016/2/17,CIX,0.034243148
65,2016/2/18,CIX,0.15870549
66,2016/2/19,CIX,0.0009223698
67,2016/2/22,CIX,0.12155142
68,2016/2/23,CIX,0.08550881
69,2016/2/24,CIX,0.05728459
70,2016/2/25,CIX,0.12645426
71,2016/2/26,CIX,0.16455269
72,2016/2/29,CIX,0.03125171
73,2016/3/1,CIX,0.009308023
74,2016/3/2,CIX,0.0052007297
75,2016/3/3,CIX,0.0011170272
76,2016/3/4,CIX,0.2940111
77,2016/3/7,CIX,0.02012693
78,2016/3/8,CIX,0.20598313
79,2016/3/9,CIX,0.08147178
80,2016/3/10,CIX,0.109232984
81,2016/3/11,CIX,0.020297412
82,2016/3/14,CIX,0.22581518
83,2016/3/15,CIX,0.041594047
84,2016/3/16,CIX,0.15324628
85,2016/3/17,CIX,0.20906666
86,2016/3/18,CIX,0.10399445
87,2016/3/21,CIX,0.1424369
88,2016/3/22,CIX,0.0069820243
89,2016/3/23,CIX,0.47357965
90,2016/3/24,CIX,0.4035414
91,2016/3/28,CIX,0.020494413
92,2016/3/29,CIX,0.1019552
93,2016/3/30,CIX,0.03633837
94,2016/3/31,CIX,0.13150723
95,2016/4/1,CIX,0.09569342
96,2016/4/4,CIX,0.11322767
97,2016/4/5,CIX,0.10290233
98,2016/4/6,CIX,0.16000545
99,2016/4/7,CIX,0.03325997
100,2016/4/8,CIX,0.099987745
101,2016/4/11,CIX,0.13890311
102,2016/4/12,CIX,0.2654435
103,2016/4/13,CIX,0.13620201
104,2016/4/14,CIX,0.109569915
105,2016/4/15,CIX,0.0030541504
106,2016/4/18,CIX,0.35941434
107,2016/4/19,CIX,0.09736064
108,2016/4/20,CIX,0.11313331
109,2016/4/21,CIX,0.009359673
110,2016/4/22,CIX,0.22073549
111,2016/4/25,CIX,0.052375004
112,2016/4/26,CIX,0.04087183
113,2016/4/27,CIX,0.21919225
114,2016/4/28,CIX,0.09637307
115,2016/4/29,CIX,0.0012051616
116,2016/5/2,CIX,0.18107918
117,2016/5/3,CIX,0.13090205
118,2016/5/4,CIX,0.0943821
119,2016/5/5,CIX,0.16854595
120,2016/5/6,CIX,0.0019004922
121,2016/5/9,CIX,0.20408766
122,2016/5/10,CIX,0.05617965
123,2016/5/11,CIX,0.10509793
124,2016/5/12,CIX,0.18833265
125,2016/5/13,CIX,0.07524325
126,2016/5/16,CIX,0.0025484222
127,2016/5/17,CIX,0.17551562
128,2016/5/18,CIX,0.10878532
129,2016/5/19,CIX,0.09682931
130,2016/5/20,CIX,0.14294872
131,2016/5/23,CIX,0.2537463
132,2016/5/24,CIX,0.13807437
133,2016/5/25,CIX,0.09214753
134,2016/5/26,CIX,0.22589287
135,2016/5/27,CIX,0.02616739
136,2016/5/31,CIX,0.2744771
137,2016/6/1,CIX,0.10721095
138,2016/6/2,CIX,0.173924
139,2016/6/3,CIX,0.3346493
140,2016/6/6,CIX,0.18645512
141,2016/6/7,CIX,0.2885696
142,2016/6/8,CIX,0.011174448
143,2016/6/9,CIX,0.09725126
144,2016/6/10,CIX,0.07251754
145,2016/6/13,CIX,0.3194242
146,2016/6/14,CIX,0.050251722
147,2016/6/15,CIX,0.046709865
148,2016/6/16,CIX,0.008245722
149,2016/6/17,CIX,0.045933582
150,2016/6/20,CIX,0.04273906
151,2016/6/21,CIX,0.13324559
152,2016/6/22,CIX,0.27693093
153,2016/6/23,CIX,0.08703662
154,2016/6/24,CIX,0.035417613
155,2016/6/27,CIX,0.4299019
156,2016/6/28,CIX,0.24314018
157,2016/6/29,CIX,0.04698456
158,2016/6/30,CIX,0.07185191
159,2016/7/1,CIX,0.11492131
160,2016/7/5,CIX,0.1808575
161,2016/7/6,CIX,0.15933459
162,2016/7/7,CIX,0.1620132
163,2016/7/8,CIX,0.0716659
164,2016/7/11,CIX,0.07109867
165,2016/7/12,CIX,0.09193137
166,2016/7/13,CIX,0.06683075
167,2016/7/14,CIX,0.20532256
168,2016/7/15,CIX,0.011555081
169,2016/7/18,CIX,0.101599075
170,2016/7/19,CIX,0.3119256
171,2016/7/20,CIX,0.18861178
172,2016/7/21,CIX,0.060323138
173,2016/7/22,CIX,0.24625099
174,2016/7/25,CIX,0.11389363
175,2016/7/26,CIX,0.06257208
176,2016/7/27,CIX,0.02389275
177,2016/7/28,CIX,0.4811281
178,2016/7/29,CIX,0.35734648
179,2016/8/1,CIX,0.07265882
180,2016/8/2,CIX,0.091061234
181,2016/8/3,CIX,0.07555487
182,2016/8/4,CIX,0.023308849
183,2016/8/5,CIX,0.07059814
184,2016/8/8,CIX,0.047417503
185,2016/8/9,CIX,0.008279423
186,2016/8/10,CIX,0.015490025
187,2016/8/11,CIX,0.06402492
188,2016/8/12,CIX,0.039392337
189,2016/8/15,CIX,0.09358907
190,2016/8/16,CIX,0.0053420523
191,2016/8/17,CIX,0.10975351
192,2016/8/18,CIX,0.027275993
193,2016/8/19,CIX,0.09276297
194,2016/8/22,CIX,0.027215112
195,2016/8/23,CIX,0.10615257
196,2016/8/24,CIX,0.009074939
197,2016/8/25,CIX,0.05263695
198,2016/8/26,CIX,0.03497478
199,2016/8/29,CIX,0.22370905
200,2016/8/30,CIX,0.08788532
201,2016/8/31,CIX,0.0046436447
202,2016/9/1,CIX,0.022911696
203,2016/9/2,CIX,0.008410086
204,2016/9/6,CIX,0.048848864
205,2016/9/7,CIX,0.12134889
206,2016/9/8,CIX,0.22973704
207,2016/9/9,CIX,0.025133003
208,2016/9/12,CIX,0.05527468
209,2016/9/13,CIX,0.15745765
210,2016/9/14,CIX,0.059271567
211,2016/9/15,CIX,0.023978246
212,2016/9/16,CIX,0.31630358
213,2016/9/19,CIX,0.10853883
214,2016/9/20,CIX,0.11150975
215,2016/9/21,CIX,0.06852167
216,2016/9/22,CIX,0.032095835
217,2016/9/23,CIX,0.034079734
218,2016/9/26,CIX,0.06676115
219,2016/9/27,CIX,0.21992597
220,2016/9/28,CIX,0.0010705792
221,2016/9/29,CIX,0.20596507
222,2016/9/30,CIX,0.21414033
223,2016/10/3,CIX,0.29710287
224,2016/10/4,CIX,0.22193299
225,2016/10/5,CIX,0.18394637
226,2016/10/6,CIX,0.24251737
227,2016/10/7,CIX,0.0360251
228,2016/10/10,CIX,0.024982743
229,2016/10/11,CIX,0.030702021
230,2016/10/12,CIX,0.017245458
231,2016/10/13,CIX,0.06623157
232,2016/10/14,CIX,0.057735372
233,2016/10/17,CIX,0.09321196
234,2016/10/18,CIX,0.02978782
235,2016/10/19,CIX,0.056713734
236,2016/10/20,CIX,0.112183176
237,2016/10/21,CIX,0.15415426
238,2016/10/24,CIX,0.1122197
239,2016/10/25,CIX,0.20816535
240,2016/10/26,CIX,0.020641742
241,2016/10/27,CIX,0.07750221
242,2016/10/28,CIX,0.0014864148
243,2016/10/31,CIX,0.06337809
244,2016/11/1,CIX,0.009305825
245,2016/11/2,CIX,0.18949081
246,2016/11/3,CIX,0.21699585
247,2016/11/4,CIX,0.055764876
248,2016/11/7,CIX,0.098994315
249,2016/11/8,CIX,0.067806266
250,2016/11/9,CIX,0.015992567
251,2016/11/10,CIX,0.18811817
252,2016/11/11,CIX,0.07061503
253,2016/11/14,CIX,0.22487776
254,2016/11/15,CIX,0.16303477
255,2016/11/16,CIX,0.012615221
256,2016/11/17,CIX,0.009688693
257,2016/11/18,CIX,0.25951982
258,2016/11/21,CIX,0.095752425
259,2016/11/22,CIX,0.13748823
260,2016/11/23,CIX,0.09203529
261,2016/11/25,CIX,0.13324401
262,2016/11/28,CIX,0.14311495
263,2016/11/29,CIX,0.14437245
264,2016/11/30,CIX,0.026500879
265,2016/12/1,CIX,0.04216058
266,2016/12/2,CIX,0.017562244
267,2016/12/5,CIX,0.10498803
268,2016/12/6,CIX,0.21580252
269,2016/12/7,CIX,0.13895538
270,2016/12/8,CIX,0.010143211
271,2016/12/9,CIX,0.11964224
272,2016/12/12,CIX,0.11676601
273,2016/12/13,CIX,0.21558759
274,2016/12/14,CIX,0.003055689
275,2016/12/15,CIX,0.05451968
276,2016/12/16,CIX,0.103225306
277,2016/12/19,CIX,0.09169088
278,2016/12/20,CIX,0.029348688
279,2016/12/21,CIX,0.101609915
280,2016/12/22,CIX,0.030315893
281,2016/12/23,CIX,0.213885
282,2016/12/27,CIX,0.06650993
283,2016/12/28,CIX,0.09993155
284,2016/12/29,CIX,0.37241542
285,2016/12/30,CIX,0.21603803
286,2017/1/3,CIX,0.022727754
287,2017/1/4,CIX,0.029192144
288,2017/1/5,CIX,0.008046633
289,2017/1/6,CIX,0.07573808
290,2017/1/9,CIX,0.03333825
291,2017/1/10,CIX,0.15414822
292,2017/1/11,CIX,0.33267397
293,2017/1/12,CIX,0.012573205
294,2017/1/13,CIX,0.14923373
295,2017/1/17,CIX,0.05031663
296,2017/1/18,CIX,0.15976398
297,2017/1/19,CIX,0.042309083
298,2017/1/20,CIX,0.016017476
299,2017/1/23,CIX,0.04897438
300,2017/1/24,CIX,0.09928879
301,2017/1/25,CIX,0.19004323
302,2017/1/26,CIX,0.15138906
303,2017/1/27,CIX,0.04534503
304,2017/1/30,CIX,0.02409411
305,2017/1/31,CIX,0.08261628
306,2017/2/1,CIX,0.08732652
307,2017/2/2,CIX,0.1337507
308,2017/2/3,CIX,0.044662923
309,2017/2/6,CIX,0.058965772
310,2017/2/7,CIX,0.12808749
311,2017/2/8,CIX,0.09341787
312,2017/2/9,CIX,0.042875472
313,2017/2/10,CIX,0.09559111
314,2017/2/13,CIX,0.12861684
315,2017/2/14,CIX,0.033027206
316,2017/2/15,CIX,0.0372431
317,2017/2/16,CIX,0.11353709
318,2017/2/17,CIX,0.14538185
319,2017/2/21,CIX,0.113224834
320,2017/2/22,CIX,0.048767623
321,2017/2/23,CIX,0.07979362
322,2017/2/24,CIX,0.014134695
323,2017/2/27,CIX,0.046416983
324,2017/2/28,CIX,0.064073436
325,2017/3/1,CIX,0.01698047
326,2017/3/2,CIX,0.09591565
327,2017/3/3,CIX,0.018290853
328,2017/3/6,CIX,0.13706952
329,2017/3/7,CIX,0.18755244
330,2017/3/8,CIX,0.13004111
331,2017/3/9,CIX,0.085683726
332,2017/3/10,CIX,0.101043455
333,2017/3/13,CIX,0.023279838
334,2017/3/14,CIX,0.051486846
335,2017/3/15,CIX,0.09843078
336,2017/3/16,CIX,0.01842421
337,2017/3/17,CIX,0.14240181
338,2017/3/20,CIX,0.03762639
339,2017/3/21,CIX,0.122498624
340,2017/3/22,CIX,0.042210363
341,2017/3/23,CIX,0.16839011
342,2017/3/24,CIX,0.042802762
343,2017/3/27,CIX,0.040360972
344,2017/3/28,CIX,0.08045508
345,2017/3/29,CIX,0.14563377
346,2017/3/30,CIX,0.1664536
347,2017/3/31,CIX,0.0393824
348,2017/4/3,CIX,0.1276682
349,2017/4/4,CIX,0.03978817
350,2017/4/5,CIX,0.047193687
351,2017/4/6,CIX,0.04700438
352,2017/4/7,CIX,0.069251694
353,2017/4/10,CIX,0.06529019
354,2017/4/11,CIX,0.14995985
355,2017/4/12,CIX,0.019302988
356,2017/4/13,CIX,0.030876897
357,2017/4/17,CIX,0.0091260215
358,2017/4/18,CIX,0.01860362
359,2017/4/19,CIX,0.008246363
360,2017/4/20,CIX,0.058341946
361,2017/4/21,CIX,0.13123532
362,2017/4/24,CIX,0.015115161
363,2017/4/25,CIX,0.010618041
364,2017/4/26,CIX,0.000914659
365,2017/4/27,CIX,0.0064524678
366,2017/4/28,CIX,0.01611277
367,2017/5/1,CIX,0.0250554
368,2017/5/2,CIX,0.005927948
369,2017/5/3,CIX,0.10152188
370,2017/5/4,CIX,0.01686488
371,2017/5/5,CIX,0.02194982
372,2017/5/8,CIX,0.062278245
373,2017/5/9,CIX,0.07443788
374,2017/5/10,CIX,0.053402927
375,2017/5/11,CIX,0.031206192
376,2017/5/12,CIX,0.080151595
377,2017/5/15,CIX,0.040916152
378,2017/5/16,CIX,0.035336766
379,2017/5/17,CIX,0.0022956312
380,2017/5/18,CIX,0.032583393
381,2017/5/19,CIX,0.12673739
382,2017/5/22,CIX,0.025789468
383,2017/5/23,CIX,0.03351776
384,2017/5/24,CIX,0.10531927
385,2017/5/25,CIX,0.11081827
386,2017/5/26,CIX,0.058400594
387,2017/5/30,CIX,0.10782983
388,2017/5/31,CIX,0.10832336
389,2017/6/1,CIX,0.054536164
390,2017/6/2,CIX,0.02795081
391,2017/6/5,CIX,0.07318834
392,2017/6/6,CIX,0.010376734
393,2017/6/7,CIX,0.07730466
394,2017/6/8,CIX,0.0741641
395,2017/6/9,CIX,0.18503782
396,2017/6/12,CIX,0.120007694
397,2017/6/13,CIX,0.20742002
398,2017/6/14,CIX,0.1393301
399,2017/6/15,CIX,0.044720598
400,2017/6/16,CIX,0.14446443
401,2017/6/19,CIX,0.17980556
402,2017/6/20,CIX,0.10976008
403,2017/6/21,CIX,0.13826795
404,2017/6/22,CIX,0.004098135
405,2017/6/23,CIX,0.06881752
406,2017/6/26,CIX,0.14479244
407,2017/6/27,CIX,0.056395344
408,2017/6/28,CIX,0.10176019
409,2017/6/29,CIX,0.06029712
410,2017/6/30,CIX,0.0785823
411,2017/7/3,CIX,0.08143531
412,2017/7/5,CIX,0.22292976
413,2017/7/6,CIX,0.016024161
414,2017/7/7,CIX,0.044013105
415,2017/7/10,CIX,0.05761861
416,2017/7/11,CIX,0.10134577
417,2017/7/12,CIX,0.036994066
418,2017/7/13,CIX,0.06810683
419,2017/7/14,CIX,0.029389339
420,2017/7/17,CIX,0.006165555
421,2017/7/18,CIX,0.0026422343
422,2017/7/19,CIX,0.014204147
423,2017/7/20,CIX,0.0296556
424,2017/7/21,CIX,0.024977926
425,2017/7/24,CIX,0.06048162
426,2017/7/25,CIX,0.06486818
427,2017/7/26,CIX,0.081201866
428,2017/7/27,CIX,0.07863365
429,2017/7/28,CIX,0.007551106
430,2017/7/31,CIX,0.006133411
431,2017/8/1,CIX,0.03155084
432,2017/8/2,CIX,0.017440904
433,2017/8/3,CIX,0.08079484
434,2017/8/4,CIX,0.10906314
435,2017/8/7,CIX,0.059117313
436,2017/8/8,CIX,0.006339754
437,2017/8/9,CIX,0.010112991
438,2017/8/10,CIX,0.08726271
439,2017/8/11,CIX,0.029595984
440,2017/8/14,CIX,0.06684385
441,2017/8/15,CIX,0.015414758
442,2017/8/16,CIX,0.025949052
443,2017/8/17,CIX,0.05786999
444,2017/8/18,CIX,0.06130051
445,2017/8/21,CIX,0.07315781
446,2017/8/22,CIX,0.03882387
447,2017/8/23,CIX,0.0063309898
448,2017/8/24,CIX,0.016470913
449,2017/8/25,CIX,0.14697437
450,2017/8/28,CIX,0.06700938
451,2017/8/29,CIX,0.024474971
452,2017/8/30,CIX,0.1069724
453,2017/8/31,CIX,0.04207449
454,2017/9/1,CIX,0.04639443
455,2017/9/5,CIX,0.02005931
456,2017/9/6,CIX,0.021961102
457,2017/9/7,CIX,0.041909292
458,2017/9/8,CIX,0.017937016
459,2017/9/11,CIX,0.084425986
460,2017/9/12,CIX,0.074109435
461,2017/9/13,CIX,0.06529593
462,2017/9/14,CIX,0.040694285
463,2017/9/15,CIX,0.077006936
464,2017/9/18,CIX,0.040581327
465,2017/9/19,CIX,0.08497892
466,2017/9/20,CIX,0.03656571
467,2017/9/21,CIX,0.013611723
468,2017/9/22,CIX,0.026845293
469,2017/9/25,CIX,0.062022176
470,2017/9/26,CIX,0.017064575
471,2017/9/27,CIX,0.015873177
472,2017/9/28,CIX,0.0047347187
473,2017/9/29,CIX,0.050862517
474,2017/10/2,CIX,0.1452286
475,2017/10/3,CIX,0.073198974
476,2017/10/4,CIX,0.061406672
477,2017/10/5,CIX,0.0071082916
478,2017/10/6,CIX,0.067383714
479,2017/10/9,CIX,0.014273362
480,2017/10/10,CIX,0.028437216
481,2017/10/11,CIX,0.07865421
482,2017/10/12,CIX,0.09722972
483,2017/10/13,CIX,0.014508625
484,2017/10/16,CIX,0.041390523
485,2017/10/17,CIX,0.13696308
486,2017/10/18,CIX,0.054731224
487,2017/10/19,CIX,0.079131305
488,2017/10/20,CIX,0.0076361634
489,2017/10/23,CIX,0.0949396
490,2017/10/24,CIX,0.036800344
491,2017/10/25,CIX,0.021548526
492,2017/10/26,CIX,0.012175044
493,2017/10/27,CIX,0.089078985
494,2017/10/30,CIX,0.019144412
495,2017/10/31,CIX,0.005106588
496,2017/11/1,CIX,0.0741626
497,2017/11/2,CIX,0.0717492
498,2017/11/3,CIX,0.0035386328
499,2017/11/6,CIX,0.06289068
500,2017/11/7,CIX,0.13263027
501,2017/11/8,CIX,0.10668742
502,2017/11/9,CIX,0.09182292
503,2017/11/10,CIX,0.14632873
504,2017/11/13,CIX,0.06129406
505,2017/11/14,CIX,0.13513868
506,2017/11/15,CIX,0.1489833
507,2017/11/16,CIX,0.060085896
508,2017/11/17,CIX,0.14062719
509,2017/11/20,CIX,0.15196627
510,2017/11/21,CIX,0.10164041
511,2017/11/22,CIX,0.09430649
512,2017/11/24,CIX,0.23975909
513,2017/11/27,CIX,0.18331224
514,2017/11/28,CIX,0.019130822
515,2017/11/29,CIX,0.018922098
516,2017/11/30,CIX,0.008767275
517,2017/12/1,CIX,0.13456039
518,2017/12/4,CIX,0.1286367
519,2017/12/5,CIX,0.016176565
520,2017/12/6,CIX,0.058866393
521,2017/12/7,CIX,0.06873807
522,2017/12/8,CIX,0.18387638
523,2017/12/11,CIX,0.014096397
524,2017/12/12,CIX,0.11556561
525,2017/12/13,CIX,0.01748627
526,2017/12/14,CIX,0.043095957
527,2017/12/15,CIX,0.0011129247
528,2017/12/18,CIX,0.034641474
529,2017/12/19,CIX,0.05396882
530,2017/12/20,CIX,0.0063305413
531,2017/12/21,CIX,0.056940112
532,2017/12/22,CIX,0.081016816
533,2017/12/26,CIX,0.06456918
534,2017/12/27,CIX,0.057434082
535,2017/12/28,CIX,0.056539625
536,2017/12/29,CIX,0.018174239
537,2018/1/2,CIX,0.060851686
538,2018/1/3,CIX,0.117399104
539,2018/1/4,CIX,0.021762433
540,2018/1/5,CIX,0.034557167
541,2018/1/8,CIX,0.09075716
542,2018/1/9,CIX,0.051363476
543,2018/1/10,CIX,0.07479829
544,2018/1/11,CIX,0.059665993
545,2018/1/12,CIX,0.12945308
546,2018/1/16,CIX,0.10997198
547,2018/1/17,CIX,0.10448314
548,2018/1/18,CIX,0.07879309
549,2018/1/19,CIX,0.030092426
550,2018/1/22,CIX,0.08251972
551,2018/1/23,CIX,0.056279324
552,2018/1/24,CIX,0.027872274
553,2018/1/25,CIX,0.028604528
554,2018/1/26,CIX,0.114665076
555,2018/1/29,CIX,0.04612058
556,2018/1/30,CIX,0.096711226
557,2018/1/31,CIX,0.086831085
558,2018/2/1,CIX,0.13588738
559,2018/2/2,CIX,0.07100804
560,2018/2/5,CIX,0.06848482
561,2018/2/6,CIX,0.06152064
562,2018/2/7,CIX,0.026571743
563,2018/2/8,CIX,0.10764921
564,2018/2/9,CIX,0.1187403
565,2018/2/12,CIX,0.051676486
566,2018/2/13,CIX,0.005866371
567,2018/2/14,CIX,0.05403267
568,2018/2/15,CIX,0.08836211
569,2018/2/16,CIX,0.03930913
570,2018/2/20,CIX,0.1224856
571,2018/2/21,CIX,0.0072828387
572,2018/2/22,CIX,0.18710658
573,2018/2/23,CIX,0.024475934
574,2018/2/26,CIX,0.04853539
575,2018/2/27,CIX,0.018470492
576,2018/2/28,CIX,0.014485309
577,2018/3/1,CIX,0.043689817
578,2018/3/2,CIX,0.011019719
579,2018/3/5,CIX,0.14814083
580,2018/3/6,CIX,0.095741235
581,2018/3/7,CIX,0.02267224
582,2018/3/8,CIX,0.008249898
583,2018/3/9,CIX,0.027714778
584,2018/3/12,CIX,0.013836116
585,2018/3/13,CIX,0.048235916
586,2018/3/14,CIX,0.06380429
587,2018/3/15,CIX,0.2130142
588,2018/3/16,CIX,0.010212022
589,2018/3/19,CIX,0.03545005
590,2018/3/20,CIX,0.074188426
591,2018/3/21,CIX,0.15750073
592,2018/3/22,CIX,0.028911496
593,2018/3/23,CIX,0.08288383
594,2018/3/26,CIX,0.017952878
595,2018/3/27,CIX,0.07628478
596,2018/3/28,CIX,0.21714337
597,2018/3/29,CIX,0.012213744
598,2018/4/2,CIX,0.12389233
599,2018/4/3,CIX,0.07264379
600,2018/4/4,CIX,0.13861665
601,2018/4/5,CIX,0.059414685
602,2018/4/6,CIX,0.022696123
603,2018/4/9,CIX,0.054467883
604,2018/4/10,CIX,0.061978806
605,2018/4/11,CIX,0.10106736
606,2018/4/12,CIX,0.083849825
607,2018/4/13,CIX,0.08146883
608,2018/4/16,CIX,0.021440849
609,2018/4/17,CIX,0.09631847
610,2018/4/18,CIX,0.035068206
611,2018/4/19,CIX,0.018284975
612,2018/4/20,CIX,0.16097064
613,2018/4/23,CIX,0.024033101
614,2018/4/24,CIX,0.0146679515
615,2018/4/25,CIX,0.07359004
616,2018/4/26,CIX,0.019111445
617,2018/4/27,CIX,0.036960036
618,2018/4/30,CIX,0.017551657
619,2018/5/1,CIX,0.006885575
620,2018/5/2,CIX,0.040879227
621,2018/5/3,CIX,0.13029943
622,2018/5/4,CIX,0.06379601
623,2018/5/7,CIX,0.07890009
624,2018/5/8,CIX,0.015487242
625,2018/5/9,CIX,0.10007753
626,2018/5/10,CIX,0.05935289
627,2018/5/11,CIX,0.06597849
628,2018/5/14,CIX,0.1257287
629,2018/5/15,CIX,0.04882271
630,2018/5/16,CIX,0.19148661
631,2018/5/17,CIX,0.20210204
632,2018/5/18,CIX,0.03801871
633,2018/5/21,CIX,0.0020600387
634,2018/5/22,CIX,0.056176666
635,2018/5/23,CIX,0.12353563
636,2018/5/24,CIX,0.073348165
637,2018/5/25,CIX,0.019242566
638,2018/5/29,CIX,0.05377528
639,2018/5/30,CIX,0.023287604
640,2018/5/31,CIX,0.063739836
641,2018/6/1,CIX,0.13088585
642,2018/6/4,CIX,0.046133548
643,2018/6/5,CIX,0.0061309203
644,2018/6/6,CIX,0.09929674
645,2018/6/7,CIX,0.04250041
646,2018/6/8,CIX,0.0024900322
647,2018/6/11,CIX,0.014571026
648,2018/6/12,CIX,0.037739947
649,2018/6/13,CIX,0.046208315
650,2018/6/14,CIX,0.071287796
651,2018/6/15,CIX,0.16784169
652,2018/6/18,CIX,0.06979116
653,2018/6/19,CIX,0.030931111
654,2018/6/20,CIX,0.15086003
655,2018/6/21,CIX,0.07002732
656,2018/6/22,CIX,0.15110572
657,2018/6/25,CIX,0.051432412
658,2018/6/26,CIX,0.11744149
659,2018/6/27,CIX,0.072939634
660,2018/6/28,CIX,0.05455177
661,2018/6/29,CIX,0.14697823
662,2018/7/2,CIX,0.011517827
663,2018/7/3,CIX,0.085362986
664,2018/7/5,CIX,0.13471445
665,2018/7/6,CIX,0.03878917
666,2018/7/9,CIX,0.1946863
667,2018/7/10,CIX,0.11142678
668,2018/7/11,CIX,0.11340684
669,2018/7/12,CIX,0.08219074
670,2018/7/13,CIX,0.06725538
671,2018/7/16,CIX,0.005849539
672,2018/7/17,CIX,0.047512855
673,2018/7/18,CIX,0.016407413
674,2018/7/19,CIX,0.08603322
675,2018/7/20,CIX,0.053617638
676,2018/7/23,CIX,0.08262342
677,2018/7/24,CIX,0.05222401
678,2018/7/25,CIX,0.081267305
679,2018/7/26,CIX,0.020735262
680,2018/7/27,CIX,0.06238521
681,2018/7/30,CIX,0.058201794
682,2018/7/31,CIX,0.22275826
683,2018/8/1,CIX,0.01391163
684,2018/8/2,CIX,0.1388948
685,2018/8/3,CIX,0.022970745
686,2018/8/6,CIX,0.06375542
687,2018/8/7,CIX,0.08198098
688,2018/8/8,CIX,0.11476907
689,2018/8/9,CIX,0.043143503
690,2018/8/10,CIX,0.12067674
691,2018/8/13,CIX,0.0787093
692,2018/8/14,CIX,0.012243086
693,2018/8/15,CIX,0.066270255
694,2018/8/16,CIX,0.056671754
695,2018/8/17,CIX,0.011379912
696,2018/8/20,CIX,0.06269045
697,2018/8/21,CIX,0.060436692
698,2018/8/22,CIX,0.051351897
699,2018/8/23,CIX,0.03218734
700,2018/8/24,CIX,0.13440272
701,2018/8/27,CIX,0.11787557
702,2018/8/28,CIX,0.081578486
703,2018/8/29,CIX,0.018755024
704,2018/8/30,CIX,0.043042768
705,2018/8/31,CIX,0.049725004
706,2018/9/4,CIX,0.06008474
707,2018/9/5,CIX,0.16634123
708,2018/9/6,CIX,0.03738459
709,2018/9/7,CIX,0.023717377
710,2018/9/10,CIX,0.09189514
711,2018/9/11,CIX,0.08474962
712,2018/9/12,CIX,0.12250901
713,2018/9/13,CIX,0.00925586
714,2018/9/14,CIX,0.123581916
715,2018/9/17,CIX,0.024804294
716,2018/9/18,CIX,0.05726426
717,2018/9/19,CIX,0.05489489
718,2018/9/20,CIX,0.0054883203
719,2018/9/21,CIX,0.036033105
720,2018/9/24,CIX,0.062331323
721,2018/9/25,CIX,0.02419283
722,2018/9/26,CIX,0.009806022
723,2018/9/27,CIX,0.08817262
724,2018/9/28,CIX,0.07248002
725,2018/10/1,CIX,0.013162598
726,2018/10/2,CIX,0.028402507
727,2018/10/3,CIX,0.033963323
728,2018/10/4,CIX,0.0745029
729,2018/10/5,CIX,0.05202492
730,2018/10/8,CIX,0.09736496
731,2018/10/9,CIX,0.0037353048
732,2018/10/10,CIX,0.104814805
733,2018/10/11,CIX,0.037779763
734,2018/10/12,CIX,0.045513973
735,2018/10/15,CIX,0.06198545
736,2018/10/16,CIX,0.08252254
737,2018/10/17,CIX,0.07390574
738,2018/10/18,CIX,0.090833284
739,2018/10/19,CIX,0.03729184
740,2018/10/22,CIX,0.061004072
741,2018/10/23,CIX,0.024888271
742,2018/10/24,CIX,0.1067043
743,2018/10/25,CIX,0.054656714
744,2018/10/26,CIX,0.29932263
745,2018/10/29,CIX,0.26049864
746,2018/10/30,CIX,0.02926722
747,2018/10/31,CIX,0.036567498
748,2018/11/1,CIX,0.10139156
749,2018/11/2,CIX,0.033990208
750,2018/11/5,CIX,0.08163521
751,2018/11/6,CIX,0.013995991
752,2018/11/7,CIX,0.13655195
753,2018/11/8,CIX,0.07851364
754,2018/11/9,CIX,0.024563206
755,2018/11/12,CIX,0.049376715
756,2018/11/13,CIX,0.0078054536
757,2018/11/14,CIX,0.05013353
758,2018/11/15,CIX,0.024595808
759,2018/11/16,CIX,0.045545656
760,2018/11/19,CIX,0.059725977
761,2018/11/20,CIX,0.033618845
762,2018/11/21,CIX,0.03692388
763,2018/11/23,CIX,0.042703234
764,2018/11/26,CIX,0.023357678
765,2018/11/27,CIX,0.0888456
766,2018/11/28,CIX,0.045291748
767,2018/11/29,CIX,0.12645492
768,2018/11/30,CIX,0.13979025
769,2018/12/3,CIX,0.10671628
770,2018/12/4,CIX,0.084152274
771,2018/12/6,CIX,0.027435612
772,2018/12/7,CIX,0.054912876
773,2018/12/10,CIX,0.067982554
774,2018/12/11,CIX,0.0153646
775,2018/12/12,CIX,0.036176644
776,2018/12/13,CIX,0.005949652
777,2018/12/14,CIX,0.07236519
778,2018/12/17,CIX,0.02655883
779,2018/12/18,CIX,0.050433394
780,2018/12/19,CIX,0.039869238
781,2018/12/20,CIX,0.016135098
782,2018/12/21,CIX,0.12995397
783,2018/12/24,CIX,0.09777413
784,2018/12/26,CIX,0.1668978
785,2018/12/27,CIX,0.05546648
786,2018/12/28,CIX,0.06781297
787,2018/12/31,CIX,0.15728204
788,2019/1/2,CIX,0.1195466
789,2019/1/3,CIX,0.08125701
790,2019/1/4,CIX,0.08305145
791,2019/1/7,CIX,0.13792719
792,2019/1/8,CIX,0.014075078
793,2019/1/9,CIX,0.029894013
794,2019/1/10,CIX,0.09020462
795,2019/1/11,CIX,0.043959092
796,2019/1/14,CIX,0.18837631
797,2019/1/15,CIX,0.09720681
798,2019/1/16,CIX,0.066766866
799,2019/1/17,CIX,0.07778645
800,2019/1/18,CIX,0.03189612
801,2019/1/22,CIX,0.110857494
802,2019/1/23,CIX,0.020315928
803,2019/1/24,CIX,0.07665399
804,2019/1/25,CIX,0.026806474
805,2019/1/28,CIX,0.0055995868
806,2019/1/29,CIX,0.06094059
807,2019/1/30,CIX,0.009248223
808,2019/1/31,CIX,0.03990605
809,2019/2/1,CIX,0.037231177
810,2019/2/4,CIX,0.030142006
811,2019/2/5,CIX,0.11995661
812,2019/2/6,CIX,0.07708539
813,2019/2/7,CIX,0.041868195
814,2019/2/8,CIX,0.05419663
815,2019/2/11,CIX,0.030231478
816,2019/2/12,CIX,0.006141635
817,2019/2/13,CIX,0.05107766
818,2019/2/14,CIX,0.08794373
819,2019/2/15,CIX,0.041840132
820,2019/2/19,CIX,0.039571077
821,2019/2/20,CIX,0.0024352048
822,2019/2/21,CIX,0.09421169
823,2019/2/22,CIX,0.074831784
824,2019/2/25,CIX,0.12191566
825,2019/2/26,CIX,0.012259057
826,2019/2/27,CIX,0.04122931
827,2019/2/28,CIX,0.12346497
828,2019/3/1,CIX,0.092130154
829,2019/3/4,CIX,0.08373647
830,2019/3/5,CIX,0.020997906
831,2019/3/6,CIX,0.08244187
832,2019/3/7,CIX,0.01371168
833,2019/3/8,CIX,0.042006254
834,2019/3/11,CIX,0.02850729
835,2019/3/12,CIX,0.0012394666
836,2019/3/13,CIX,0.05028436
837,2019/3/14,CIX,0.06327042
838,2019/3/15,CIX,0.10460893
839,2019/3/18,CIX,0.032223154
840,2019/3/19,CIX,0.046438083
841,2019/3/20,CIX,0.108008794
842,2019/3/21,CIX,0.057006497
843,2019/3/22,CIX,0.10140152
844,2019/3/25,CIX,0.013127927
845,2019/3/26,CIX,0.03992616
846,2019/3/27,CIX,0.065299116
847,2019/3/28,CIX,0.004495344
848,2019/3/29,CIX,0.0035742198
849,2019/4/1,CIX,0.015523039
850,2019/4/2,CIX,0.082281
851,2019/4/3,CIX,0.08335254
852,2019/4/4,CIX,0.045295365
853,2019/4/5,CIX,0.009459245
854,2019/4/8,CIX,0.12106458
855,2019/4/9,CIX,0.0798734
856,2019/4/10,CIX,0.020563535
857,2019/4/11,CIX,0.01925816
858,2019/4/12,CIX,0.033494126
859,2019/4/15,CIX,0.020971647
860,2019/4/16,CIX,0.044841517
861,2019/4/17,CIX,0.11148944
862,2019/4/18,CIX,0.12346285
863,2019/4/22,CIX,0.11377099
864,2019/4/23,CIX,0.17774864
865,2019/4/24,CIX,0.038202308
866,2019/4/25,CIX,0.031646732
867,2019/4/26,CIX,0.23741254
868,2019/4/29,CIX,0.1945897
869,2019/4/30,CIX,0.1321392
870,2019/5/1,CIX,0.108297095
871,2019/5/2,CIX,0.024296056
872,2019/5/3,CIX,0.07262582
873,2019/5/6,CIX,0.031646714
874,2019/5/7,CIX,0.09949594
875,2019/5/8,CIX,0.025564067
876,2019/5/9,CIX,0.053006615
877,2019/5/10,CIX,0.016691871
878,2019/5/13,CIX,0.06918107
879,2019/5/14,CIX,0.054312978
880,2019/5/15,CIX,0.01627044
881,2019/5/16,CIX,0.08680361
882,2019/5/17,CIX,0.0296916
883,2019/5/20,CIX,0.06767796
884,2019/5/21,CIX,0.005236674
885,2019/5/22,CIX,0.0015856392
886,2019/5/23,CIX,0.019827824
887,2019/5/24,CIX,0.009989681
888,2019/5/28,CIX,0.112717025
889,2019/5/29,CIX,0.12615867
890,2019/5/30,CIX,0.061789285
891,2019/5/31,CIX,0.051357303
892,2019/6/3,CIX,0.015689082
893,2019/6/4,CIX,0.08077846
894,2019/6/5,CIX,0.09380928
895,2019/6/6,CIX,0.10315449
896,2019/6/7,CIX,0.014992201
897,2019/6/10,CIX,0.037910987
898,2019/6/11,CIX,0.0033117903
899,2019/6/12,CIX,0.038544867
900,2019/6/13,CIX,0.07331429
901,2019/6/14,CIX,0.10762057
902,2019/6/17,CIX,0.085227065
903,2019/6/18,CIX,0.06362398
904,2019/6/19,CIX,0.039132893
905,2019/6/20,CIX,0.15245692
906,2019/6/21,CIX,0.11932605
907,2019/6/24,CIX,0.05587252
908,2019/6/25,CIX,0.11560105
909,2019/6/26,CIX,0.018343695
910,2019/6/27,CIX,0.19336455
911,2019/6/28,CIX,0.25407887
912,2019/7/1,CIX,0.10404821
913,2019/7/2,CIX,0.10453417
914,2019/7/3,CIX,0.035593048
915,2019/7/5,CIX,0.02535338
916,2019/7/8,CIX,0.064687446
917,2019/7/9,CIX,0.012686478
918,2019/7/10,CIX,0.124265544
919,2019/7/11,CIX,0.06585061
920,2019/7/12,CIX,0.04930654
921,2019/7/15,CIX,0.037054405
922,2019/7/16,CIX,0.05480615
923,2019/7/17,CIX,0.059454624
924,2019/7/18,CIX,0.15755278
925,2019/7/19,CIX,0.02057223
926,2019/7/22,CIX,0.06253953
927,2019/7/23,CIX,0.0035997333
928,2019/7/24,CIX,0.121066004
929,2019/7/25,CIX,0.072363816
930,2019/7/26,CIX,0.041378576
931,2019/7/29,CIX,0.059424177
932,2019/7/30,CIX,0.09980805
933,2019/7/31,CIX,0.07089953
934,2019/8/1,CIX,0.107961714
935,2019/8/2,CIX,0.1290412
936,2019/8/5,CIX,0.0767206
937,2019/8/6,CIX,0.14903843
938,2019/8/7,CIX,0.064415954
939,2019/8/8,CIX,0.096628234
940,2019/8/9,CIX,0.059244737
941,2019/8/12,CIX,0.039241765
942,2019/8/13,CIX,0.068992466
943,2019/8/14,CIX,0.04993772
944,2019/8/15,CIX,0.17332841
945,2019/8/16,CIX,0.023350444
946,2019/8/19,CIX,0.05924124
947,2019/8/20,CIX,0.09205705
948,2019/8/21,CIX,0.028486466
949,2019/8/22,CIX,0.07992184
950,2019/8/23,CIX,0.022836365
951,2019/8/26,CIX,0.083576016
952,2019/8/27,CIX,0.0839128
953,2019/8/28,CIX,0.10164574
954,2019/8/29,CIX,0.029649539
955,2019/8/30,CIX,0.038723126
956,2019/9/3,CIX,0.11879127
957,2019/9/4,CIX,0.02627799
958,2019/9/5,CIX,0.06685793
959,2019/9/6,CIX,0.015626403
960,2019/9/9,CIX,0.076266706
961,2019/9/10,CIX,0.04847997
962,2019/9/11,CIX,0.20745686
963,2019/9/12,CIX,0.086229
964,2019/9/13,CIX,0.07144379
965,2019/9/16,CIX,0.028277148
966,2019/9/17,CIX,0.11526553
967,2019/9/18,CIX,0.031534933
968,2019/9/19,CIX,0.08726414
969,2019/9/20,CIX,0.14352182
970,2019/9/23,CIX,0.02341376
971,2019/9/24,CIX,0.121764414
972,2019/9/25,CIX,0.058673248
973,2019/9/26,CIX,0.039262973
974,2019/9/27,CIX,0.1153422
975,2019/9/30,CIX,0.0047817803
976,2019/10/1,CIX,0.0041979547
977,2019/10/2,CIX,0.03523748
978,2019/10/3,CIX,0.15292035
979,2019/10/4,CIX,0.108069286
980,2019/10/7,CIX,0.04345615
981,2019/10/8,CIX,0.056538984
982,2019/10/9,CIX,0.051745683
983,2019/10/10,CIX,0.09585406
984,2019/10/11,CIX,0.026569929
985,2019/10/14,CIX,0.021919087
986,2019/10/15,CIX,0.05963365
987,2019/10/16,CIX,0.056625452
988,2019/10/17,CIX,0.08663066
989,2019/10/18,CIX,0.1981272
990,2019/10/21,CIX,0.09556261
991,2019/10/22,CIX,0.045392863
992,2019/10/23,CIX,0.15617508
993,2019/10/24,CIX,0.046657965
994,2019/10/25,CIX,0.021294134
995,2019/10/28,CIX,0.050878067
996,2019/10/29,CIX,0.07120214
997,2019/10/30,CIX,0.012059949
998,2019/10/31,CIX,0.0044625774
999,2019/11/1,CIX,0.0417432
1000,2019/11/4,CIX,0.07387076
1001,2019/11/5,CIX,0.07243657
1002,2019/11/6,CIX,0.07959808
1003,2019/11/7,CIX,0.06519981
1004,2019/11/8,CIX,0.0040473826
1005,2019/11/11,CIX,0.013259396
1006,2019/11/12,CIX,0.121677704
1007,2019/11/13,CIX,0.041727383
1008,2019/11/14,CIX,0.013850219
1009,2019/11/15,CIX,0.04996274
1010,2019/11/18,CIX,0.010443164
1011,2019/11/19,CIX,0.06331602
1012,2019/11/20,CIX,0.01983564
1013,2019/11/21,CIX,0.010630303
1014,2019/11/22,CIX,0.072481476
1015,2019/11/25,CIX,0.04720403
1016,2019/11/26,CIX,0.05408529
1017,2019/11/27,CIX,0.12978163
1018,2019/11/29,CIX,0.028798595
1019,2019/12/2,CIX,0.08465234
1020,2019/12/3,CIX,0.079212025
1021,2019/12/4,CIX,0.11694647
1022,2019/12/5,CIX,0.08567921
1023,2019/12/6,CIX,0.0311062
1024,2019/12/9,CIX,0.050672412
1025,2019/12/10,CIX,0.04786603
1026,2019/12/11,CIX,0.035822026
1027,2019/12/12,CIX,0.036472294
1028,2019/12/13,CIX,0.039626967
1029,2019/12/16,CIX,0.018771838
1030,2019/12/17,CIX,0.049185485
1031,2019/12/18,CIX,0.03473176
1032,2019/12/19,CIX,0.010019938
1033,2019/12/20,CIX,0.050254267
1034,2019/12/23,CIX,0.034274153
1035,2019/12/24,CIX,0.049393483
1036,2019/12/26,CIX,0.012338235
1037,2019/12/27,CIX,0.061863855
1038,2019/12/30,CIX,0.053919353
1039,2019/12/31,CIX,0.009370149
1040,2020/1/2,CIX,0.025976507
1041,2020/1/3,CIX,0.063915595
1042,2020/1/6,CIX,0.123136446
1043,2020/1/7,CIX,0.058692552
1044,2020/1/8,CIX,0.04087922
1045,2020/1/9,CIX,0.12974495
1046,2020/1/10,CIX,0.065994695
1047,2020/1/13,CIX,0.023781443
1048,2020/1/14,CIX,0.048346568
1049,2020/1/15,CIX,0.15647487
1050,2020/1/16,CIX,0.10901029
1051,2020/1/17,CIX,0.16102064
1052,2020/1/21,CIX,0.18445191
1053,2020/1/22,CIX,0.24712935
1054,2020/1/23,CIX,0.1559976
1055,2020/1/24,CIX,0.1325695
1056,2020/1/27,CIX,0.095690124
1057,2020/1/28,CIX,0.15983143
1058,2020/1/29,CIX,0.025629006
1059,2020/1/30,CIX,0.01068894
1060,2020/1/31,CIX,0.035486303
1061,2020/2/3,CIX,0.032587364
1062,2020/2/4,CIX,0.018527364
1063,2020/2/5,CIX,0.0050931945
1064,2020/2/6,CIX,0.0007313297
1065,2020/2/7,CIX,0.022177957
1066,2020/2/10,CIX,0.018568113
1067,2020/2/11,CIX,0.101171054
1068,2020/2/12,CIX,0.062476654
1069,2020/2/13,CIX,0.13910563
1070,2020/2/14,CIX,0.09806502
1071,2020/2/18,CIX,0.03071605
1072,2020/2/19,CIX,0.1336215
1073,2020/2/20,CIX,0.09828964
1074,2020/2/21,CIX,0.0002224787
1075,2020/2/24,CIX,0.092188805
1076,2020/2/25,CIX,0.24613449
1077,2020/2/26,CIX,0.10565061
1078,2020/2/27,CIX,0.10578853
1079,2020/2/28,CIX,0.19080226
1080,2020/3/2,CIX,0.18204293
1081,2020/3/3,CIX,0.01169568
1082,2020/3/4,CIX,0.086410575
1083,2020/3/5,CIX,0.09905779
1084,2020/3/6,CIX,0.010877792
1085,2020/3/9,CIX,0.054271102
1086,2020/3/10,CIX,0.108061396
1087,2020/3/11,CIX,0.011163056
1088,2020/3/12,CIX,0.3474671
1089,2020/3/13,CIX,0.3953868
1090,2020/3/16,CIX,0.17949536
1091,2020/3/17,CIX,0.02902128
1092,2020/3/18,CIX,0.6037349
1093,2020/3/19,CIX,0.13940535
1094,2020/3/20,CIX,0.3519625
1095,2020/3/23,CIX,0.012218396
1096,2020/3/24,CIX,0.12527022
1097,2020/3/25,CIX,0.027250461
1098,2020/3/26,CIX,0.16946208
1099,2020/3/27,CIX,0.053636458
1100,2020/3/30,CIX,0.15180635
1101,2020/3/31,CIX,0.076525
1102,2020/4/1,CIX,0.05992774
1103,2020/4/2,CIX,0.13342941
1104,2020/4/3,CIX,0.028203959
1105,2020/4/6,CIX,0.00038385906
1106,2020/4/7,CIX,0.06259304
1107,2020/4/8,CIX,0.045558546
1108,2020/4/9,CIX,0.009313014
1109,2020/4/13,CIX,0.17914124
1110,2020/4/14,CIX,0.17179589
1111,2020/4/15,CIX,0.014752276
1112,2020/4/16,CIX,0.10062088
1113,2020/4/17,CIX,0.094773464
1114,2020/4/20,CIX,0.006700405
1115,2020/4/21,CIX,0.124184385
1116,2020/4/22,CIX,0.023162618
1117,2020/4/23,CIX,0.120585844
1118,2020/4/24,CIX,0.10895245
1119,2020/4/27,CIX,0.15261416
1120,2020/4/28,CIX,0.116423555
1121,2020/4/29,CIX,0.008486645
1122,2020/4/30,CIX,0.0025860788
1123,2020/5/1,CIX,0.04962031
1124,2020/5/4,CIX,0.06928012
1125,2020/5/5,CIX,0.066522315
1126,2020/5/6,CIX,0.07083489
1127,2020/5/7,CIX,0.07410252
1128,2020/5/8,CIX,0.04786321
1129,2020/5/11,CIX,0.10964968
1130,2020/5/12,CIX,0.04254138
1131,2020/5/13,CIX,0.064441636
1132,2020/5/14,CIX,0.038155746
1133,2020/5/15,CIX,0.07108394
1134,2020/5/18,CIX,0.056571566
1135,2020/5/19,CIX,0.060632795
1136,2020/5/20,CIX,0.029577814
1137,2020/5/21,CIX,0.09542718
1138,2020/5/22,CIX,0.09685863
1139,2020/5/26,CIX,0.010703409
1140,2020/5/27,CIX,0.19173424
1141,2020/5/28,CIX,0.02006039
1142,2020/5/29,CIX,0.01921555
1143,2020/6/1,CIX,0.037591465
1144,2020/6/2,CIX,0.018804422
1145,2020/6/3,CIX,0.11753822
1146,2020/6/4,CIX,0.104634814
1147,2020/6/5,CIX,0.08609465
1148,2020/6/8,CIX,0.06077699
1149,2020/6/9,CIX,0.014053686
1150,2020/6/10,CIX,0.023298685
1151,2020/6/11,CIX,0.0136081055
1152,2020/6/12,CIX,0.028793653
1153,2020/6/15,CIX,0.0315135
1154,2020/6/16,CIX,0.101107724
1155,2020/6/17,CIX,0.15572858
1156,2020/6/18,CIX,0.059861165
1157,2020/6/19,CIX,0.056708988
1158,2020/6/22,CIX,0.021161117
1159,2020/6/23,CIX,0.03156626
1160,2020/6/24,CIX,0.007598104
1161,2020/6/25,CIX,0.06354388
1162,2020/6/26,CIX,0.28478688
1163,2020/6/29,CIX,0.0066134976
1164,2020/6/30,CIX,0.051426444
1165,2020/7/1,CIX,0.088330686
1166,2020/7/2,CIX,0.12816124
1167,2020/7/6,CIX,0.0028613978
1168,2020/7/7,CIX,0.036163565
1169,2020/7/8,CIX,0.14801434
1170,2020/7/9,CIX,0.018121783
1171,2020/7/10,CIX,0.19582994
1172,2020/7/13,CIX,0.039461385
1173,2020/7/14,CIX,0.008276602
1174,2020/7/15,CIX,0.08437099
1175,2020/7/16,CIX,0.09487575
1176,2020/7/17,CIX,0.062412478
1177,2020/7/20,CIX,0.05881423
1178,2020/7/21,CIX,0.038905602
1179,2020/7/22,CIX,0.03962291
1180,2020/7/23,CIX,0.087882005
1181,2020/7/24,CIX,0.012549175
1182,2020/7/27,CIX,0.102342226
1183,2020/7/28,CIX,0.023990737
1184,2020/7/29,CIX,0.020253032
1185,2020/7/30,CIX,0.024549259
1186,2020/7/31,CIX,0.15245892
1187,2020/8/3,CIX,0.032113582
1188,2020/8/4,CIX,0.05032774
1189,2020/8/5,CIX,0.04477036
1190,2020/8/6,CIX,0.02950848
1191,2020/8/7,CIX,0.07570231
1192,2020/8/10,CIX,0.07154802
1193,2020/8/11,CIX,0.07518054
1194,2020/8/12,CIX,0.0030519892
1195,2020/8/13,CIX,0.0017018786
1196,2020/8/14,CIX,0.0112810265
1197,2020/8/17,CIX,0.054799907
1198,2020/8/18,CIX,0.04160399
1199,2020/8/19,CIX,0.022067772
1200,2020/8/20,CIX,0.0317444
1201,2020/8/21,CIX,0.02644565
1202,2020/8/24,CIX,0.059514817
1203,2020/8/25,CIX,0.078959435
1204,2020/8/26,CIX,0.073750846
1205,2020/8/27,CIX,0.09154163
1206,2020/8/28,CIX,0.050708912
1207,2020/8/31,CIX,0.07473023
1208,2020/9/1,CIX,0.008100701
1209,2020/9/2,CIX,0.024611926
1210,2020/9/3,CIX,0.06929005
1211,2020/9/4,CIX,0.096740365
1212,2020/9/8,CIX,0.10248562
1213,2020/9/9,CIX,0.01742334
1214,2020/9/10,CIX,0.07012274
1215,2020/9/11,CIX,0.080697246
1216,2020/9/14,CIX,0.029357992
1217,2020/9/15,CIX,0.053945653
1218,2020/9/16,CIX,0.04330109
1219,2020/9/17,CIX,0.13051838
1220,2020/9/18,CIX,0.413068
1221,2020/9/21,CIX,0.05223881
1222,2020/9/22,CIX,0.019508103
1223,2020/9/23,CIX,0.08645151
1224,2020/9/24,CIX,0.009776113
1225,2020/9/25,CIX,0.021585286
1226,2020/9/28,CIX,0.09008277
1227,2020/9/29,CIX,0.12025728
1228,2020/9/30,CIX,0.18031792
1229,2020/10/1,CIX,0.017143395
1230,2020/10/2,CIX,0.08814832
1231,2020/10/5,CIX,0.0029894141
1232,2020/10/6,CIX,0.021237731
1233,2020/10/7,CIX,0.003803347
1234,2020/10/8,CIX,0.02104223
1235,2020/10/9,CIX,0.056563087
1236,2020/10/12,CIX,0.09350435
1237,2020/10/13,CIX,0.033418875
1238,2020/10/14,CIX,0.073823966
1239,2020/10/15,CIX,0.1134012
1240,2020/10/16,CIX,0.1817393
1241,2020/10/19,CIX,0.057313565
1242,2020/10/20,CIX,0.0013819614
1243,2020/10/21,CIX,0.034052666
1244,2020/10/22,CIX,0.10034193
1245,2020/10/23,CIX,0.08506671
1246,2020/10/26,CIX,0.095814355
1247,2020/10/27,CIX,0.048098676
1248,2020/10/28,CIX,0.08199115
1249,2020/10/29,CIX,0.08979138
1250,2020/10/30,CIX,0.059284683
1251,2020/11/2,CIX,0.030084642
1252,2020/11/3,CIX,0.09308027
1253,2020/11/4,CIX,0.16885775
1254,2020/11/5,CIX,0.053196125
1255,2020/11/6,CIX,0.050169393
1256,2020/11/9,CIX,0.1545739
1257,2020/11/10,CIX,0.07988826
1258,2020/11/11,CIX,0.05203263
1259,2020/11/12,CIX,0.063510604
1260,2020/11/13,CIX,0.09218319
1261,2020/11/16,CIX,0.04060899
1262,2020/11/17,CIX,0.0683533
1263,2020/11/18,CIX,0.007674177
1264,2020/11/19,CIX,0.11455538
1265,2020/11/20,CIX,0.022678291
1266,2020/11/23,CIX,0.07158399
1267,2020/11/24,CIX,0.032565728
1268,2020/11/25,CIX,0.1057841
1269,2020/11/27,CIX,0.041345723
1270,2020/11/30,CIX,0.008668042
1271,2020/12/1,CIX,0.0485923
1272,2020/12/2,CIX,0.039074674
1273,2020/12/3,CIX,0.04516291
1274,2020/12/4,CIX,0.048983473
1275,2020/12/7,CIX,0.009850749
1276,2020/12/8,CIX,0.066572666
1277,2020/12/9,CIX,0.12194975
1278,2020/12/10,CIX,0.009944808
1279,2020/12/11,CIX,0.05106134
1280,2020/12/14,CIX,0.14415231
1281,2020/12/15,CIX,0.07377802
1282,2020/12/16,CIX,0.036348537
1283,2020/12/17,CIX,0.072182745
1284,2020/12/18,CIX,0.07158211
1285,2020/12/21,CIX,0.0015126975
1286,2020/12/22,CIX,0.004440388
1287,2020/12/23,CIX,0.015387861
1288,2020/12/24,CIX,0.06400598
1289,2020/12/28,CIX,0.030258274
1290,2020/12/29,CIX,0.0029709248
1291,2020/12/30,CIX,0.0138909975
1292,2020/12/31,CIX,0.06306352
1293,2021/1/4,CIX,0.004400854
1294,2021/1/5,CIX,0.10011948
1295,2021/1/6,CIX,0.045847133
1296,2021/1/7,CIX,0.07714681
1297,2021/1/8,CIX,0.0018990636
1298,2021/1/11,CIX,0.012241107
1299,2021/1/12,CIX,0.0735738
1300,2021/1/13,CIX,0.0005861334
1301,2021/1/14,CIX,0.03484404
1302,2021/1/15,CIX,0.13447662
1303,2021/1/19,CIX,0.025115227
1304,2021/1/20,CIX,0.08377379
1305,2021/1/21,CIX,0.036648396
1306,2021/1/22,CIX,0.048247732
1307,2021/1/25,CIX,0.09084762
1308,2021/1/26,CIX,0.0049222237
1309,2021/1/27,CIX,0.037214447
1310,2021/1/28,CIX,0.06354099
1311,2021/1/29,CIX,0.09463615
1312,2021/2/1,CIX,0.08466876
1313,2021/2/2,CIX,0.09068268
1314,2021/2/3,CIX,0.10270832
1315,2021/2/4,CIX,0.043773375
1316,2021/2/5,CIX,0.07702589
1317,2021/2/8,CIX,0.011684417
1318,2021/2/9,CIX,0.05985645
1319,2021/2/10,CIX,0.0051125404
1320,2021/2/11,CIX,0.011714609
1321,2021/2/12,CIX,0.058336377
1322,2021/2/16,CIX,0.003074041
1323,2021/2/17,CIX,0.07852528
1324,2021/2/18,CIX,0.05823568
1325,2021/2/19,CIX,0.037087016
1326,2021/2/22,CIX,0.07148992
1327,2021/2/23,CIX,0.05129434
1328,2021/2/24,CIX,0.05272111
1329,2021/2/25,CIX,0.1688369
1330,2021/2/26,CIX,0.12560488
1331,2021/3/1,CIX,0.030224856
1332,2021/3/2,CIX,0.01607766
1333,2021/3/3,CIX,0.053085208
1334,2021/3/4,CIX,0.018002769
1335,2021/3/5,CIX,0.004749875
1336,2021/3/8,CIX,0.1762255
1337,2021/3/9,CIX,0.10674764
1338,2021/3/10,CIX,0.11270798
1339,2021/3/11,CIX,0.019020105
1340,2021/3/12,CIX,0.18898435
1341,2021/3/15,CIX,0.04814987
1342,2021/3/16,CIX,0.005428392
1343,2021/3/17,CIX,0.12326026
1344,2021/3/18,CIX,0.10234774
1345,2021/3/19,CIX,0.18183036
1346,2021/3/22,CIX,0.024325283
1347,2021/3/23,CIX,0.08566744
1348,2021/3/24,CIX,0.06539304
1349,2021/3/25,CIX,0.0013878453
1350,2021/3/26,CIX,0.039905336
1351,2021/3/29,CIX,0.122805595
1352,2021/3/30,CIX,0.33298892
1353,2021/3/31,CIX,0.011834649
1354,2021/4/1,CIX,0.1848037
1355,2021/4/5,CIX,0.2550593
1356,2021/4/6,CIX,0.33113605
1357,2021/4/7,CIX,0.07317939
1358,2021/4/8,CIX,0.5076481
1359,2021/4/9,CIX,0.09565525
1360,2021/4/12,CIX,0.26540866
1361,2021/4/13,CIX,0.009740929
1362,2021/4/14,CIX,0.2346807
1363,2021/4/15,CIX,0.5091267
1364,2021/4/16,CIX,0.021295974
1365,2021/4/19,CIX,0.065614924
1366,2021/4/20,CIX,0.03179436
1367,2021/4/21,CIX,0.29987636
1368,2021/4/22,CIX,0.35875535
1369,2021/4/23,CIX,0.04300207
1370,2021/4/26,CIX,0.52630067
1371,2021/4/27,CIX,0.050606016
1372,2021/4/28,CIX,0.13617475
1373,2021/4/29,CIX,0.09448811
1374,2021/4/30,CIX,0.17470527
1375,2021/5/3,CIX,0.07622262
1376,2021/5/4,CIX,0.15439504
1377,2021/5/5,CIX,0.363784
1378,2021/5/6,CIX,0.1099659
1379,2021/5/7,CIX,0.053483754
1380,2021/5/10,CIX,0.0034507182
1381,2021/5/11,CIX,0.5616596
1382,2021/5/12,CIX,0.5585616
1383,2021/5/13,CIX,0.06437394
1384,2021/5/14,CIX,0.32151264
1385,2021/5/17,CIX,0.15924521
1386,2021/5/18,CIX,0.16907603
1387,2021/5/19,CIX,0.09411366
1388,2021/5/20,CIX,0.1469952
1389,2021/5/21,CIX,0.339425
1390,2021/5/24,CIX,0.2553439
1391,2021/5/25,CIX,0.1332702
1392,2021/5/26,CIX,0.19736677
1393,2021/5/27,CIX,0.2376235
1394,2021/5/28,CIX,0.051694985
1395,2021/6/1,CIX,0.039066285
1396,2021/6/2,CIX,0.111117065
1397,2021/6/3,CIX,0.07324363
1398,2021/6/4,CIX,0.05231134
1399,2021/6/7,CIX,0.2828572
1400,2021/6/8,CIX,0.12889543
1401,2021/6/9,CIX,0.30637485
1402,2021/6/10,CIX,0.084673844
1403,2021/6/11,CIX,0.13304983
1404,2021/6/14,CIX,0.55451834
1405,2021/6/15,CIX,0.3204822
1406,2021/6/16,CIX,0.20710874
1407,2021/6/17,CIX,0.09676135
1408,2021/6/18,CIX,0.058483012
1409,2021/6/21,CIX,0.028210377
1410,2021/6/22,CIX,0.1114603
1411,2021/6/23,CIX,0.13659754
1412,2021/6/24,CIX,0.07593338
1413,2021/6/25,CIX,0.1599376
1414,2021/6/28,CIX,0.080166906
1415,2021/6/29,CIX,0.039790846
1416,2021/6/30,CIX,0.06405378
1417,2021/7/1,CIX,0.11433159
1418,2021/7/2,CIX,0.1529165
1419,2021/7/6,CIX,0.03909493
1420,2021/7/7,CIX,0.10896748
1421,2021/7/8,CIX,0.21956256
1422,2021/7/9,CIX,0.15431452
1423,2021/7/12,CIX,0.17215882
1424,2021/7/13,CIX,0.15198193
1425,2021/7/14,CIX,0.2144263
1426,2021/7/15,CIX,0.4241079
1427,2021/7/16,CIX,0.109836884
1428,2021/7/19,CIX,0.33087254
1429,2021/7/20,CIX,0.107529275
1430,2021/7/21,CIX,0.09804784
1431,2021/7/22,CIX,0.07227775
1432,2021/7/23,CIX,0.033692364
1433,2021/7/26,CIX,0.32886887
1434,2021/7/27,CIX,0.18847635
1435,2021/7/28,CIX,0.022348786
1436,2021/7/29,CIX,0.3239292
1437,2021/7/30,CIX,0.0653243
1438,2021/8/2,CIX,0.07248589
1439,2021/8/3,CIX,0.17002448
1440,2021/8/4,CIX,0.07334932
1441,2021/8/5,CIX,0.30469608
1442,2021/8/6,CIX,0.4593879
1443,2021/8/9,CIX,0.10048241
1444,2021/8/10,CIX,0.10838637
1445,2021/8/11,CIX,0.23278542
1446,2021/8/12,CIX,0.01486444
1447,2021/8/13,CIX,0.12808324
1448,2021/8/16,CIX,0.13291328
1449,2021/8/17,CIX,0.33990288
1450,2021/8/18,CIX,0.07488954
1451,2021/8/19,CIX,0.3112012
1452,2021/8/20,CIX,0.42854708
1453,2021/8/23,CIX,0.09342141
1454,2021/8/24,CIX,0.25334957
1455,2021/8/25,CIX,0.124427326
1456,2021/8/26,CIX,0.25336182
1457,2021/8/27,CIX,0.12102708
1458,2021/8/30,CIX,0.33605918
1459,2021/8/31,CIX,0.4070238
1460,2021/9/1,CIX,0.19853355
1461,2021/9/2,CIX,0.11557829
1462,2021/9/3,CIX,0.17770074
1463,2021/9/7,CIX,0.090497814
1464,2021/9/8,CIX,0.1553772
1465,2021/9/9,CIX,0.28577524
1466,2021/9/10,CIX,0.09011385
1467,2021/9/13,CIX,0.46404588
1468,2021/9/14,CIX,0.04785913
1469,2021/9/15,CIX,0.20007572
1470,2021/9/16,CIX,0.13839708
1471,2021/9/17,CIX,0.24075523
1472,2021/9/20,CIX,0.2982514
1473,2021/9/21,CIX,0.05608976
1474,2021/9/22,CIX,0.17385682
1475,2021/9/23,CIX,0.07421619
1476,2021/9/24,CIX,0.15451723
1477,2021/9/27,CIX,0.35665902
1478,2021/9/28,CIX,0.19578388
1479,2021/9/29,CIX,0.024480676
1480,2021/9/30,CIX,0.16219994
1481,2021/10/1,CIX,0.24176712
1482,2021/10/4,CIX,0.15924872
1483,2021/10/5,CIX,0.091371246
1484,2021/10/6,CIX,0.3013643
1485,2021/10/7,CIX,0.40433964
1486,2021/10/8,CIX,0.14186795
1487,2021/10/11,CIX,0.3044745
1488,2021/10/12,CIX,0.14963454
1489,2021/10/13,CIX,0.062449787
1490,2021/10/14,CIX,0.06925049
1491,2021/10/15,CIX,0.06611165
1492,2021/10/18,CIX,0.028847978
1493,2021/10/19,CIX,0.27124304
1494,2021/10/20,CIX,0.088137455
1495,2021/10/21,CIX,0.2753535
1496,2021/10/22,CIX,0.18727815
1497,2021/10/25,CIX,0.029260956
1498,2021/10/26,CIX,0.055263583
1499,2021/10/27,CIX,0.3620987
1500,2021/10/28,CIX,0.005863532
1501,2021/10/29,CIX,0.36993343
1502,2021/11/1,CIX,0.11221101
1503,2021/11/2,CIX,0.12834421
1504,2021/11/3,CIX,0.20324914
1505,2021/11/4,CIX,0.42329714
1506,2021/11/5,CIX,0.5681783
1507,2021/11/8,CIX,0.06394433
1508,2021/11/9,CIX,0.4472282
1509,2021/11/10,CIX,0.0024725227
1510,2021/11/11,CIX,0.2566046
1511,2021/11/12,CIX,0.11777483
1512,2021/11/15,CIX,0.24648015
1513,2021/11/16,CIX,0.03383222
1514,2021/11/17,CIX,0.30885682
1515,2021/11/18,CIX,0.048736807
1516,2021/11/19,CIX,0.41563678
1517,2021/11/22,CIX,0.00021414514
1518,2021/11/23,CIX,0.32771462
1519,2021/11/24,CIX,0.19189563
1520,2021/11/26,CIX,0.3563741
1521,2021/11/29,CIX,0.24755351
1522,2021/11/30,CIX,0.06625553
1523,2021/12/1,CIX,0.3469392
1524,2021/12/2,CIX,0.12914665
1525,2021/12/3,CIX,0.37008694
1526,2021/12/6,CIX,0.10581355
1527,2021/12/7,CIX,0.31076413
1528,2021/12/8,CIX,0.14442436
1529,2021/12/9,CIX,0.051698357
1530,2021/12/10,CIX,0.31628472
1531,2021/12/13,CIX,0.014905101
1532,2021/12/14,CIX,0.041833613
1533,2021/12/15,CIX,0.14382859
1534,2021/12/16,CIX,0.22649571
1535,2021/12/17,CIX,0.13845086
1536,2021/12/20,CIX,0.32779816
1537,2021/12/21,CIX,0.43117076
1538,2021/12/22,CIX,0.1209147
1539,2021/12/23,CIX,0.36168787
1540,2021/12/27,CIX,0.18590434
1541,2021/12/28,CIX,0.086564295
1542,2021/12/29,CIX,0.40816998
1543,2021/12/30,CIX,0.043504503
1544,2021/12/31,CIX,0.017868772
1545,2022/1/3,CIX,0.095218234
1546,2022/1/4,CIX,0.3234006
1547,2022/1/5,CIX,0.08937258
1548,2022/1/6,CIX,0.075776234
1549,2022/1/7,CIX,0.21493788
1550,2022/1/10,CIX,0.057160776
1551,2022/1/11,CIX,0.1609487
1552,2022/1/12,CIX,0.23525384
1553,2022/1/13,CIX,0.09107563
1554,2022/1/14,CIX,0.13479868
1555,2022/1/18,CIX,0.13626458
1556,2022/1/19,CIX,0.1514337
1557,2022/1/20,CIX,0.028065098
1558,2022/1/21,CIX,0.24919547
1559,2022/1/24,CIX,0.009819832
1560,2022/1/25,CIX,0.18159059
1561,2022/1/26,CIX,0.0203243
1562,2022/1/27,CIX,0.031360283
1563,2022/1/28,CIX,0.24554738
1564,2022/1/31,CIX,0.15502736
1565,2022/2/1,CIX,0.13298962
1566,2022/2/2,CIX,0.5089381
1567,2022/2/3,CIX,0.24944288
1568,2022/2/4,CIX,0.41003573
1569,2022/2/7,CIX,0.1103095
1570,2022/2/8,CIX,0.17942658
1571,2022/2/9,CIX,0.31971133
1572,2022/2/10,CIX,0.03268596
1573,2022/2/11,CIX,0.019763405
1574,2022/2/14,CIX,0.20240779
1575,2022/2/15,CIX,0.16532266
1576,2022/2/16,CIX,0.18364097
1577,2022/2/17,CIX,0.0045586606
1578,2022/2/18,CIX,0.5331766
1579,2022/2/22,CIX,0.16708338
1580,2022/2/23,CIX,0.20871611
1581,2022/2/24,CIX,0.3082645
1582,2022/2/25,CIX,0.14885284
1583,2022/2/28,CIX,0.25347513
1584,2022/3/1,CIX,0.33894888
1585,2022/3/2,CIX,0.3735565
1586,2022/3/3,CIX,0.13265093
1587,2022/3/4,CIX,0.14985433
1588,2022/3/7,CIX,0.018658904
1589,2022/3/8,CIX,0.05161125
1590,2022/3/9,CIX,0.38128674
1591,2022/3/10,CIX,0.1391489
1592,2022/3/11,CIX,0.45682216
1593,2022/3/14,CIX,0.3700906
1594,2022/3/15,CIX,0.5081532
1595,2022/3/16,CIX,0.008548881
1596,2022/3/17,CIX,0.2759962
1597,2022/3/18,CIX,0.030270655
1598,2022/3/21,CIX,0.22368714
1599,2022/3/22,CIX,0.37456444
1600,2022/3/23,CIX,0.018045701
1601,2022/3/24,CIX,0.095920525
1602,2022/3/25,CIX,0.015802268
1603,2022/3/28,CIX,0.14117965
1604,2022/3/29,CIX,0.18554124
1605,2022/3/30,CIX,0.29164344
1606,2022/3/31,CIX,0.3189842
1607,2022/4/1,CIX,0.47435328
1608,2022/4/4,CIX,0.20473431
1609,2022/4/5,CIX,0.2775803
1610,2022/4/6,CIX,0.38573948
1611,2022/4/7,CIX,0.11629245
1612,2022/4/8,CIX,0.27098843
1613,2022/4/11,CIX,0.12510544
1614,2022/4/12,CIX,0.23753603
1615,2022/4/13,CIX,0.040832046
1616,2022/4/14,CIX,0.28961462
1617,2022/4/18,CIX,0.2429147
1618,2022/4/19,CIX,0.030766126
1619,2022/4/20,CIX,0.26585746
1620,2022/4/21,CIX,0.5283534
1621,2022/4/22,CIX,0.38157552
1622,2022/4/25,CIX,0.19545911
1623,2022/4/26,CIX,0.083046615
1624,2022/4/27,CIX,0.02138279
1625,2022/4/28,CIX,0.13939792
1626,2022/4/29,CIX,0.23180202
1627,2022/5/2,CIX,0.025428982
1628,2022/5/3,CIX,0.18500313
1629,2022/5/4,CIX,0.13085051
1630,2022/5/5,CIX,0.0468791
1631,2022/5/6,CIX,0.15089127
1632,2022/5/9,CIX,0.09349548
1633,2022/5/10,CIX,0.026191933
1634,2022/5/11,CIX,0.3836306
1635,2022/5/12,CIX,0.298667
1636,2022/5/13,CIX,0.029891303
1637,2022/5/16,CIX,0.07029601
1638,2022/5/17,CIX,0.39431566
1639,2022/5/18,CIX,0.30873805
1640,2022/5/19,CIX,0.010569303
1641,2022/5/20,CIX,0.35376212
1642,2022/5/23,CIX,0.12582758
1643,2022/5/24,CIX,0.10826439
1644,2022/5/25,CIX,0.03463041
1645,2022/5/26,CIX,0.07512061
1646,2022/5/27,CIX,0.20328584
1647,2022/5/31,CIX,0.15381385
1648,2022/6/1,CIX,0.33337632
1649,2022/6/2,CIX,0.26894957
1650,2022/6/3,CIX,0.42105427
1651,2022/6/6,CIX,0.10116712
1652,2022/6/7,CIX,0.14497222
1653,2022/6/8,CIX,0.26896897
1654,2022/6/9,CIX,0.4127961
1655,2022/6/10,CIX,0.053806107
1656,2022/6/13,CIX,0.043524794
1657,2022/6/14,CIX,0.07818128
1658,2022/6/15,CIX,0.3039167
1659,2022/6/16,CIX,0.22620596
1660,2022/6/17,CIX,0.32847112
1661,2022/6/21,CIX,0.36854887
1662,2022/6/22,CIX,0.39805555
1663,2022/6/23,CIX,0.012942263
1664,2022/6/24,CIX,0.5100632
1665,2022/6/27,CIX,0.026511356
1666,2022/6/28,CIX,0.17742476
1667,2022/6/29,CIX,0.27023026
1668,2022/6/30,CIX,0.40558344
1669,2022/7/1,CIX,0.1356707
1670,2022/7/5,CIX,0.24566416
1671,2022/7/6,CIX,0.33838385
1672,2022/7/7,CIX,0.11684711
1673,2022/7/8,CIX,0.016860906
1674,2022/7/11,CIX,0.17615227
1675,2022/7/12,CIX,0.10806834
1676,2022/7/13,CIX,0.09240189
1677,2022/7/14,CIX,0.68503225
1678,2022/7/15,CIX,0.460414
1679,2022/7/18,CIX,0.25368664
1680,2022/7/19,CIX,0.09003106
1681,2022/7/20,CIX,0.047227316
1682,2022/7/21,CIX,0.38291138
1683,2022/7/22,CIX,0.12443443
1684,2022/7/25,CIX,0.14381547
1685,2022/7/26,CIX,0.043303546
1686,2022/7/27,CIX,0.07025242
1687,2022/7/28,CIX,0.36440817
1688,2022/7/29,CIX,0.2833351
1689,2022/8/1,CIX,0.09534938
1690,2022/8/2,CIX,0.29703048
1691,2022/8/3,CIX,0.3515473
1692,2022/8/4,CIX,0.84181887
1693,2022/8/5,CIX,0.49943572
1694,2022/8/8,CIX,0.19219491
1695,2022/8/9,CIX,0.03586788
1696,2022/8/10,CIX,0.3498047
1697,2022/8/11,CIX,0.6941204
1698,2022/8/12,CIX,0.67758465
1699,2022/8/15,CIX,0.49252343
1700,2022/8/16,CIX,1.0
1701,2022/8/17,CIX,0.9456556
1702,2022/8/18,CIX,0.06216868
1703,2022/8/19,CIX,0.3964059
1704,2022/8/22,CIX,0.15980303
1705,2022/8/23,CIX,0.16501519
1706,2022/8/24,CIX,0.099197835
1707,2022/8/25,CIX,0.25339624
1708,2022/8/26,CIX,0.030110063
1709,2022/8/29,CIX,0.39465773
1710,2022/8/30,CIX,0.32141343
1711,2022/8/31,CIX,0.54171443
1712,2022/9/1,CIX,0.17817219
1713,2022/9/2,CIX,0.07897061
1714,2022/9/6,CIX,0.07621932
1715,2022/9/7,CIX,0.401365
1716,2022/9/8,CIX,0.19150186
1717,2022/9/9,CIX,0.26073426
1718,2022/9/12,CIX,0.08516074
1719,2022/9/13,CIX,0.05183411
1720,2022/9/14,CIX,0.17445962
1721,2022/9/15,CIX,0.63613653
1722,2022/9/16,CIX,0.11469819
1723,2022/9/19,CIX,0.02738508
1724,2022/9/20,CIX,0.14188202
1725,2022/9/21,CIX,0.07666542
1726,2022/9/22,CIX,0.04989171
1727,2022/9/23,CIX,0.16218834
1728,2022/9/26,CIX,0.4219643
1729,2022/9/27,CIX,0.041399498
1730,2022/9/28,CIX,0.06195395
1731,2022/9/29,CIX,0.18571685
1732,2022/9/30,CIX,0.29012516
1733,2022/10/3,CIX,0.050550777
1734,2022/10/4,CIX,0.2456228
1735,2022/10/5,CIX,0.04292185
1736,2022/10/6,CIX,0.020828268
1737,2022/10/7,CIX,0.2324228
1738,2022/10/10,CIX,0.026570918
1739,2022/10/11,CIX,0.026730923
1740,2022/10/12,CIX,0.28717634
1741,2022/10/13,CIX,0.38790968
1742,2022/10/14,CIX,0.17931478
1743,2022/10/17,CIX,0.13644466
1744,2022/10/18,CIX,0.03185495
1745,2022/10/19,CIX,0.13748614
1746,2022/10/20,CIX,0.15037343
1747,2022/10/21,CIX,0.3769206
1748,2022/10/24,CIX,0.008076341
1749,2022/10/25,CIX,0.1346767
1750,2022/10/26,CIX,0.08099733
1751,2022/10/27,CIX,0.045944203
1752,2022/10/28,CIX,0.287769
1753,2022/10/31,CIX,0.30334356
1754,2022/11/1,CIX,0.23486605
1755,2022/11/2,CIX,0.17706798
1756,2022/11/3,CIX,0.20586295
1757,2022/11/4,CIX,0.07955487
1758,2022/11/7,CIX,0.07546744
1759,2022/11/8,CIX,0.11613215
1760,2022/11/9,CIX,0.018339189
1761,2022/11/10,CIX,0.15722464
1762,2022/11/11,CIX,0.09187719
1763,2022/11/14,CIX,0.12533893
1764,2022/11/15,CIX,0.05258871
1765,2022/11/16,CIX,0.025632944
1766,2022/11/17,CIX,0.18629651
1767,2022/11/18,CIX,0.015707541
1768,2022/11/21,CIX,0.15303566
1769,2022/11/22,CIX,0.36835495
1770,2022/11/23,CIX,0.24461563
1771,2022/11/25,CIX,0.07733679
1772,2022/11/28,CIX,0.31079784
1773,2022/11/29,CIX,0.0403872
1774,2022/11/30,CIX,0.083695136
1775,2022/12/1,CIX,0.298207
1776,2022/12/2,CIX,0.4716507
1777,2022/12/5,CIX,0.15732567
1778,2022/12/6,CIX,0.07477877
1779,2022/12/7,CIX,0.0826795
1780,2022/12/8,CIX,0.065992594
1781,2022/12/9,CIX,0.011283096
1782,2022/12/12,CIX,0.11597632
1783,2022/12/13,CIX,0.14551948
1784,2022/12/14,CIX,0.15968382
1785,2022/12/15,CIX,0.24163291
1786,2022/12/16,CIX,0.0767641
1787,2022/12/19,CIX,0.10401826
1788,2022/12/20,CIX,0.114943326
1789,2022/12/21,CIX,0.029586094
1790,2022/12/22,CIX,0.31373423
1791,2022/12/23,CIX,0.025575873
1792,2022/12/27,CIX,0.27883908
1793,2022/12/28,CIX,0.13259582
1794,2022/12/29,CIX,0.20386432
1795,2022/12/30,CIX,0.16464375
1796,2023/2/15,CIX,0.09472158
1797,2023/2/16,CIX,0.02211289
1798,2023/2/17,CIX,0.07112015
1799,2023/2/21,CIX,0.08562908
1800,2023/2/22,CIX,0.026109003
1801,2023/2/23,CIX,0.019192645
1802,2023/2/24,CIX,0.12857509
1803,2023/2/27,CIX,0.016246665
1804,2023/2/28,CIX,0.015028823
1805,2023/3/1,CIX,0.104851544
1806,2023/3/2,CIX,0.040421635
1807,2023/3/3,CIX,0.0077944426
1808,2023/3/6,CIX,0.11321661
1809,2023/3/7,CIX,0.03863233
1810,2023/3/8,CIX,0.0543915
1811,2023/3/9,CIX,0.07878506
1812,2023/3/10,CIX,0.037000656
1813,2023/3/13,CIX,0.11144191
1814,2023/3/14,CIX,0.038260244
1815,2023/3/15,CIX,0.06611425
1816,2023/3/16,CIX,0.007658655
1817,2023/3/17,CIX,0.0003208552
1818,2023/3/20,CIX,0.08611095
1819,2023/3/21,CIX,0.103653125
1820,2023/3/22,CIX,0.1671684
1821,2023/3/23,CIX,0.039978445
1822,2023/3/24,CIX,0.028333511
1823,2023/3/27,CIX,0.062017698
1824,2023/3/28,CIX,0.09120058
1825,2023/3/29,CIX,0.0551485
1826,2023/3/30,CIX,0.02678298
1827,2023/3/31,CIX,0.16852663
1828,2023/4/3,CIX,0.025332894
1829,2023/4/4,CIX,0.054451108
1830,2023/4/5,CIX,0.005421328
1831,2023/4/6,CIX,0.04726328
1832,2023/4/10,CIX,0.118806005
1833,2023/4/11,CIX,0.07933777
1834,2023/4/12,CIX,0.024959877
1835,2023/4/13,CIX,0.064728804
1836,2023/4/14,CIX,0.08375609
1837,2023/4/17,CIX,0.0804477
1838,2023/4/18,CIX,0.026194809
1839,2023/4/19,CIX,0.031931914
1840,2023/4/20,CIX,0.09547442
1841,2023/4/21,CIX,0.02974934
1842,2023/4/24,CIX,0.0023144223
1843,2023/4/25,CIX,0.057417303
1844,2023/4/26,CIX,0.011291124
1845,2023/4/27,CIX,0.06066936
1846,2023/4/28,CIX,0.006591038
1847,2023/5/1,CIX,0.05437112
1848,2023/5/2,CIX,0.018091958
1849,2023/5/3,CIX,0.04980023
1850,2023/5/4,CIX,0.00086780626
1851,2023/5/5,CIX,0.12648942
1852,2023/5/8,CIX,0.059826575
1853,2023/5/9,CIX,0.040131822
1854,2023/5/10,CIX,0.032066874
1855,2023/5/11,CIX,0.03867115
1856,2023/5/12,CIX,0.15057415
1857,2023/5/15,CIX,0.14496773
1858,2023/5/16,CIX,0.081562825
1859,2023/5/17,CIX,0.021237737
1860,2023/5/18,CIX,0.090198085
1861,2023/5/19,CIX,0.0020982232
1862,2023/5/22,CIX,0.029759493
1863,2023/5/23,CIX,0.07106059
1864,2023/5/24,CIX,0.08739765
1865,2023/5/25,CIX,0.071815446
1866,2023/5/26,CIX,0.05202522
1867,2023/5/30,CIX,0.07290986
1868,2023/5/31,CIX,0.047868386
1869,2023/6/1,CIX,0.026281405
1870,2023/6/2,CIX,0.17178395
1871,2023/6/5,CIX,0.041027814
1872,2023/6/6,CIX,0.048206765
1873,2023/6/7,CIX,0.16847304
1874,2023/6/8,CIX,0.14572912
1875,2023/6/9,CIX,0.044311024
1876,2023/6/12,CIX,0.11546543
1877,2023/6/13,CIX,0.101177566
1878,2023/6/14,CIX,0.08981982
1879,2023/6/15,CIX,0.065905936
1880,2023/6/16,CIX,0.07126427
1881,2023/6/20,CIX,0.039811935
1882,2023/6/21,CIX,0.06046612
1883,2023/6/22,CIX,0.07624891
1884,2023/6/23,CIX,0.0031775099
1885,2023/6/26,CIX,0.086197436
1886,2023/6/27,CIX,0.20767558
1887,2023/6/28,CIX,0.11001803
1888,2023/6/29,CIX,0.050382532
1889,2023/6/30,CIX,0.23199093
1890,2023/7/3,CIX,0.08067977
1891,2023/7/5,CIX,0.051711965
1892,2023/7/6,CIX,0.08123062
1893,2023/7/7,CIX,0.06893525
1894,2023/7/10,CIX,0.109503195
1895,2023/7/11,CIX,0.14392291
1896,2023/7/12,CIX,0.09357364
1897,2023/7/13,CIX,0.218014
1898,2023/7/14,CIX,0.18871117
1899,2023/7/17,CIX,0.11943004
1900,2023/7/18,CIX,0.03143343
1901,2023/7/19,CIX,0.22874433
1902,2023/7/20,CIX,0.15631633
1903,2023/7/21,CIX,0.07771708
1904,2023/7/24,CIX,0.26874524
1905,2023/7/25,CIX,0.0040280223
1906,2023/7/26,CIX,0.10093303
1907,2023/7/27,CIX,0.19562627
1908,2023/7/28,CIX,0.0132735185
1909,2023/7/31,CIX,0.21925598
1910,2023/8/1,CIX,0.15939078
1911,2023/8/2,CIX,0.047109447
1912,2023/8/3,CIX,0.01758291
1913,2023/8/4,CIX,0.20850341
1914,2023/8/7,CIX,0.064425625
1915,2023/8/8,CIX,0.019807292
1916,2023/8/9,CIX,0.1589342
1917,2023/8/10,CIX,0.022917233
1918,2023/8/11,CIX,0.03903958
1919,2023/8/14,CIX,0.058219776
1920,2023/8/15,CIX,0.22209953
1921,2023/8/16,CIX,0.26612443
1922,2023/8/17,CIX,0.25951773
1923,2023/8/18,CIX,0.30031148
1924,2023/8/21,CIX,0.3343133
1925,2023/8/22,CIX,0.21899688
1926,2023/8/23,CIX,0.020368043
1927,2023/8/24,CIX,0.10802441
1928,2023/8/25,CIX,0.08196694
1929,2023/8/28,CIX,0.2034751
1930,2023/8/29,CIX,0.20804977
1931,2023/8/30,CIX,0.0880416
1932,2023/8/31,CIX,0.016530331
1933,2023/9/1,CIX,0.21865712
1934,2023/9/5,CIX,0.16652115
1935,2023/9/6,CIX,0.121141806
1936,2023/9/7,CIX,0.11078154
1937,2023/9/8,CIX,0.18550098
1938,2023/9/11,CIX,0.048498236
1939,2023/9/12,CIX,0.0
1940,2023/9/13,CIX,0.08497383
1941,2023/9/14,CIX,0.050546978
1942,2023/9/15,CIX,0.023733873
1943,2023/9/18,CIX,0.10887886
1944,2023/9/19,CIX,0.036165193
1945,2023/9/20,CIX,0.036428377
1946,2023/9/21,CIX,0.18428296
1947,2023/9/22,CIX,0.015135902
1948,2023/9/25,CIX,0.06448332
1949,2023/9/26,CIX,0.13331926
1950,2023/9/27,CIX,0.010061115
1951,2023/9/28,CIX,0.21272841
1952,2023/9/29,CIX,0.21232513
1953,2023/10/2,CIX,0.0063018114
1954,2023/10/3,CIX,0.1601066
1955,2023/10/4,CIX,0.05509657
1956,2023/10/5,CIX,0.07659045
1957,2023/10/6,CIX,7.5297285e-05
1958,2023/10/9,CIX,0.048251607
1959,2023/10/10,CIX,0.018606337
1960,2023/10/11,CIX,0.0018750605
1961,2023/10/12,CIX,0.06616999
1962,2023/10/13,CIX,0.015761161
1963,2023/10/16,CIX,0.054126736
1964,2023/10/17,CIX,0.0015221683
1965,2023/10/18,CIX,0.08926677
1966,2023/10/19,CIX,0.02098695
1967,2023/10/20,CIX,0.014786454
1968,2023/10/23,CIX,0.06173056
1969,2023/10/24,CIX,0.026536325
1970,2023/10/25,CIX,0.040461577
1971,2023/10/26,CIX,0.09105248
1972,2023/10/27,CIX,0.115290105
1973,2023/10/30,CIX,0.11203277
1974,2023/10/31,CIX,0.027534371
1975,2023/11/1,CIX,0.010048489
1976,2023/11/2,CIX,0.04969093
1977,2023/11/3,CIX,0.09259411
1978,2023/11/6,CIX,0.015722977
1979,2023/11/7,CIX,0.13118777
1980,2023/11/8,CIX,0.1779407
1981,2023/11/9,CIX,0.0988269
1982,2023/11/10,CIX,0.12349507
1983,2023/11/13,CIX,0.010039868
1984,2023/11/14,CIX,0.12999555
1985,2023/11/15,CIX,0.08221186
1986,2023/11/16,CIX,0.010956036
1987,2023/11/17,CIX,0.09845288
1988,2023/11/20,CIX,0.11332394
1989,2023/11/21,CIX,0.023849217
1990,2023/11/22,CIX,0.3061292
1991,2023/11/24,CIX,0.0026276764
1992,2023/11/27,CIX,0.25074032
1993,2023/11/28,CIX,0.18077907
1994,2023/11/29,CIX,0.15643452
1995,2023/11/30,CIX,0.05401481
1996,2023/12/1,CIX,0.034071386
1997,2023/12/4,CIX,0.123407684
1998,2023/12/5,CIX,0.06544781
1999,2023/12/6,CIX,0.06134594
2000,2023/12/7,CIX,0.09404996
2001,2023/12/8,CIX,0.123585775
2002,2023/12/11,CIX,0.09212289
2003,2023/12/12,CIX,0.13923323
2004,2023/12/13,CIX,0.02421096
2005,2023/12/14,CIX,0.009835249
2006,2023/12/15,CIX,0.03494715
2007,2023/12/18,CIX,0.04799133
2008,2023/12/19,CIX,0.059230726
2009,2023/12/20,CIX,0.35395023
2010,2023/12/21,CIX,0.31756258
2011,2023/12/22,CIX,0.18858121
2012,2023/12/26,CIX,0.17534102
2013,2023/12/27,CIX,0.096195824
2014,2023/12/28,CIX,0.26039845
2015,2023/12/29,CIX,0.0047331946
2016,2024/1/2,CIX,0.44096276
2017,2024/1/3,CIX,0.15406996
2018,2024/1/4,CIX,0.1926597
2019,2024/1/5,CIX,0.36741495
2020,2024/1/8,CIX,0.11556315
2021,2024/1/9,CIX,0.27578554
2022,2024/1/10,CIX,0.16339284
2023,2024/1/11,CIX,0.22443134
2024,2024/1/12,CIX,0.68815285
2025,2024/1/16,CIX,0.36958852
2026,2024/1/17,CIX,0.26396173
2027,2024/1/18,CIX,0.12828058
2028,2024/1/19,CIX,0.046041664
2029,2024/1/22,CIX,0.14258924
2030,2024/1/23,CIX,0.10326069
2031,2024/1/24,CIX,0.017548017
2032,2024/1/25,CIX,0.17766076
2033,2024/1/26,CIX,0.040873036
2034,2024/1/29,CIX,0.50194037
2035,2024/1/30,CIX,0.3747934
2036,2024/1/31,CIX,0.12882337
2037,2024/2/1,CIX,0.2963935
2038,2024/2/2,CIX,0.27986482
2039,2024/2/5,CIX,0.16073392
2040,2024/2/6,CIX,0.190658
2041,2024/2/7,CIX,0.023919616
2042,2024/2/8,CIX,0.3331045
2043,2024/2/9,CIX,0.27337223
2044,2024/2/12,CIX,0.30482507
2045,2024/2/13,CIX,0.1757118
2046,2024/2/14,CIX,0.22840394
2047,2024/2/15,CIX,0.23193449
2048,2024/2/16,CIX,0.1334434
2049,2024/2/20,CIX,0.0021213072
2050,2024/2/21,CIX,0.0077367704
2051,2024/2/22,CIX,0.12363847
2052,2024/2/23,CIX,0.2911091
2053,2024/2/26,CIX,0.21074288
2054,2024/2/27,CIX,0.17505844
2055,2024/2/28,CIX,0.09803923
2056,2024/2/29,CIX,0.16616242
2057,2024/3/1,CIX,0.05353053
2058,2024/3/4,CIX,0.4656916
2059,2024/3/5,CIX,0.38440278
2060,2024/3/6,CIX,0.5325543
2061,2024/3/7,CIX,0.3578634
2062,2024/3/8,CIX,0.53062314
2063,2024/3/11,CIX,0.7629817
2064,2024/3/12,CIX,0.57686734
2065,2024/3/13,CIX,0.7190735
2066,2024/3/14,CIX,0.67356896
2067,2024/3/15,CIX,0.6071511
2068,2024/3/18,CIX,0.56161195
2069,2024/3/19,CIX,0.96870816
2070,2024/3/20,CIX,0.9662894
2071,2024/3/21,CIX,0.9494286
2072,2024/3/22,CIX,0.72657716
2073,2024/3/25,CIX,0.9089858
2074,2024/3/26,CIX,0.69469553
2075,2024/3/27,CIX,0.95600617
2076,2024/3/28,CIX,0.7284491
2077,2024/4/1,CIX,0.71075296
2078,2024/4/2,CIX,0.6491165
2079,2024/4/3,CIX,0.8335132
2080,2024/4/4,CIX,0.93792444
2081,2024/4/5,CIX,1.0
2082,2024/4/8,CIX,0.5728576
2083,2024/4/9,CIX,0.5492739
2084,2024/4/10,CIX,0.6938225
2085,2024/4/11,CIX,0.61778384
2086,2024/4/12,CIX,0.68919873
2087,2024/4/15,CIX,0.6417881
2088,2024/4/16,CIX,0.5082651
2089,2024/4/17,CIX,0.5577903
2090,2024/4/18,CIX,0.5641644
2091,2024/4/19,CIX,0.60538304
2092,2024/4/22,CIX,0.64700603
2093,2024/4/23,CIX,0.51149267
2094,2024/4/24,CIX,0.624437
2095,2024/4/25,CIX,0.72831106
2096,2024/4/26,CIX,0.7921684
2097,2024/4/29,CIX,0.7529488
2098,2024/4/30,CIX,0.44406796
2099,2024/5/1,CIX,0.96412075
2100,2024/5/2,CIX,0.31831706
2101,2024/5/3,CIX,0.5789977
2102,2024/5/6,CIX,0.7758536
2103,2024/5/7,CIX,0.67912745
2104,2024/5/8,CIX,0.30273485
2105,2024/5/9,CIX,0.20465544
2106,2024/5/10,CIX,0.36388505
2107,2024/5/13,CIX,0.0018365447
2108,2024/5/14,CIX,0.20399642
2109,2024/5/15,CIX,0.25536698
2110,2024/5/16,CIX,0.18121564
2111,2024/5/17,CIX,0.34251967
2112,2024/5/20,CIX,0.23376241
2113,2024/5/21,CIX,0.4580656
2114,2024/5/22,CIX,0.2884344
2115,2024/5/23,CIX,0.38414437
2116,2024/5/24,CIX,0.32509086
2117,2024/5/28,CIX,0.25032794
2118,2024/5/29,CIX,0.3902972
2119,2024/5/30,CIX,0.28763992
2120,2024/5/31,CIX,0.33073634
2121,2024/6/3,CIX,0.3052666
2122,2024/6/4,CIX,0.23380266
2123,2024/6/5,CIX,0.33176163
2124,2024/6/6,CIX,0.29841915
2125,2024/6/7,CIX,0.47520772
2126,2024/6/10,CIX,0.44144827
2127,2024/6/11,CIX,0.3513036
2128,2024/6/12,CIX,0.36825588
2129,2024/6/13,CIX,0.4096348
2130,2024/6/14,CIX,0.28343818
2131,2024/6/17,CIX,0.28496233
2132,2024/6/18,CIX,0.20685764
2133,2024/6/20,CIX,0.28235167
2134,2024/6/21,CIX,0.32541925
2135,2024/6/24,CIX,0.17202243
2136,2024/6/25,CIX,0.49060225
2137,2024/6/26,CIX,0.29314187
2138,2024/6/27,CIX,0.4418002
2139,2024/6/28,CIX,0.38327956
2140,2024/7/1,CIX,0.17522283
2141,2024/7/2,CIX,0.12359129
2142,2024/7/3,CIX,0.09451842
2143,2024/7/5,CIX,0.14539598
2144,2024/7/8,CIX,0.24536724
2145,2024/7/9,CIX,0.14475475
2146,2024/7/10,CIX,0.24962163
2147,2024/7/11,CIX,0.19870293
2148,2024/7/12,CIX,0.2672429
2149,2024/7/15,CIX,0.22351284
2150,2024/7/16,CIX,0.15004507
2151,2024/7/17,CIX,0.33310294
2152,2024/7/18,CIX,0.37059632
2153,2024/7/19,CIX,0.30714124
2154,2024/7/22,CIX,0.16232061
2155,2024/7/23,CIX,0.36812952
2156,2024/7/24,CIX,0.28388396
2157,2024/7/25,CIX,0.2947969
2158,2024/7/26,CIX,0.39473537
2159,2024/7/29,CIX,0.42900345
2160,2024/7/30,CIX,0.33003512
2161,2024/7/31,CIX,0.19325331
2162,2024/8/1,CIX,0.2285884
2163,2024/8/2,CIX,0.22746922
2164,2024/8/5,CIX,0.13447124
2165,2024/8/6,CIX,0.028033776
2166,2024/8/7,CIX,0.19425146
2167,2024/8/8,CIX,0.4549412
2168,2024/8/9,CIX,0.3215572
2169,2024/8/12,CIX,0.33258593
2170,2024/8/13,CIX,0.5799473
2171,2024/8/14,CIX,0.44009775
2172,2024/8/15,CIX,0.5198332
2173,2024/8/16,CIX,0.93397593
2174,2024/8/19,CIX,0.4947936
2175,2024/8/20,CIX,0.39797735
2176,2024/8/21,CIX,0.50027686
2177,2024/8/22,CIX,0.38854116
2178,2024/8/23,CIX,0.47215733
2179,2024/8/26,CIX,0.4760414
2180,2024/8/27,CIX,0.4073221
2181,2024/8/28,CIX,0.7008338
2182,2024/8/29,CIX,0.5011958
2183,2024/8/30,CIX,0.5695826
2184,2024/9/3,CIX,0.6030139
2185,2024/9/4,CIX,0.5393658
2186,2024/9/5,CIX,0.52835417
2187,2024/9/6,CIX,0.42011145
2188,2024/9/9,CIX,0.4950825
2189,2024/9/10,CIX,0.37106025
2190,2024/9/11,CIX,0.68210536
2191,2024/9/12,CIX,0.43388987
2192,2024/9/13,CIX,0.46938157
2193,2024/9/16,CIX,0.6221815
2194,2024/9/17,CIX,0.4745572
2195,2024/9/18,CIX,0.5263732
